bankname,address,city,state,zipcode,fdiccertificatenumber,closingdate,acquiringinstitution,latitude,longitude,month,year,yearmonth,total_assets_mill,total_deposits_mill
Bank of Honolulu,841 Bishop Street,Honolulu,HI,96808,21029,13-Oct-00,Bank of the Orient,21.307442,-157.862106,10,2000,200010,66.9,59.5
National State Bank of Metropolis,101 West 8th Street,Metropolis,IL,62960,3815,14-Dec-00,Banterra Bank of Marion,37.1538661,-88.7296582,12,2000,200012,91.7,71
First Alliance Bank & Trust Co.,"1750 Elm Street, Suite 102",Manchester,NH,3104,34264,2-Feb-01,Southern New Hampshire Bank & Trust,43.0038397,-71.4650311,2,2001,200102,18.4,17.5
Malta National Bank,10 Third Street,Malta,OH,43758,6629,3-May-01,North Valley Bank,39.6481542,-81.8595627,5,2001,200105,9.5,8.8
"Superior Bank, FSB",440 East Ogden Avenue,Hinsdale,IL,60521,32646,27-Jul-01,"Superior Federal, FSB",41.817192,-87.918839,7,2001,200107,2300,1600
Sinclair National Bank,113 S.E. Second Street,Gravette,AR,72736,34248,7-Sep-01,Delta Trust & Bank,36.4184303,-94.4712906,9,2001,200109,30.7,25.3
"Hamilton Bank, NA","3750 N.W. 87th Avenue, Suite 700",Miami,FL,33178,24382,11-Jan-02,Israel Discount Bank of New York,25.8093624,-80.3379822,1,2002,200201,1300,1200
Bank of Sierra Blanca,Sierra Blanca Road & State Hwy 1111,Sierra Blanca,TX,79851,22002,18-Jan-02,The Security State Bank of Pecos,31.1829106,-105.3564004,1,2002,200201,10.8,9.8
Oakwood Deposit Bank Co.,Main Street,Oakwood,OH,45873,8966,1-Feb-02,The State Bank & Trust Company,41.0946388,-84.3798294,2,2002,200202,72.3,60.2
"NextBank, NA","4129 East Van Buren, Suite 200",Phoenix,AZ,85008,22314,7-Feb-02,No Acquirer,33.4625206,-111.9847717,2,2002,200202,700,554
Net 1st National Bank,5295 Town Center Road,Boca Raton,FL,33486,26652,1-Mar-02,Bank Leumi USA,26.3635236,-80.1264051,3,2002,200203,34.7,27.4
New Century Bank,46719 Hayes Road,Shelby Township,MI,48315,34979,28-Mar-02,No Acquirer,42.6400866,-82.9738656,3,2002,200203,18.9,17.9
Connecticut Bank of Commerce,612 Bedford Street,Stamford,CT,6901,19183,26-Jun-02,Hudson United Bank,41.0591349,-73.5375968,6,2002,200206,398.6,323.7
Universal Federal Savings Bank,1800 S Halsted St,Chicago,IL,60608,29355,27-Jun-02,Chicago Community Bank,41.857956,-87.64695,6,2002,200206,52,40
AmTrade International Bank,1360 Peachtree Street Northeast,Atlanta,GA,30309,33784,30-Sep-02,No Acquirer,33.791771,-84.385101,9,2002,200209,12,10.2
Bank of Alamo,9 North Bells Street,Alamo,TN,38001,9961,8-Nov-02,No Acquirer,35.785281,-89.1173058,11,2002,200211,69.4,55.3
Farmers Bank of Cheneyville,Main Street,Cheneyville,LA,71325,16445,17-Dec-02,Sabine State Bank & Trust,31.0294666,-92.3189926,12,2002,200212,37,33.1
Southern Pacific Bank,"23530 Hawthorne Boulevard, Suite 200",Torrance,CA,90505,27094,7-Feb-03,Beal Bank,33.811947,-118.349899,2,2003,200302,916,865
First National Bank of Blanchardville,319 South Main Street,Blanchardville,WI,53516,11639,9-May-03,The Park Bank,42.809658,-89.862663,5,2003,200305,35,29
Pulaski Savings Bank,2352 Orthodox Street,Philadelphia,PA,19137,27203,14-Nov-03,Earthstar Bank,40.005886,-75.07814,11,2003,200311,10.2,9.2
Dollar Savings Bank,893 Franklin Avenue,Newark,NJ,7107,31330,14-Feb-04,No Acquirer,40.7801275,-74.1757735,2,2004,200402,12.3,9.8
Guaranty National Bank of Tallahassee,1706 West Tennessee Street,Tallahassee,FL,32304,26838,12-Mar-04,Hancock Bank of Florida,30.449415,-84.310272,3,2004,200403,74.1,66.9
Reliance Bank,1200 Mamaroneck Avenue,White Plains,NY,10602,26778,19-Mar-04,Union State Bank,40.992538,-73.746727,3,2004,200403,30.3,28
Bank of Ephraim,Main Street,Ephraim,UT,84627,1249,25-Jun-04,Far West Bank,39.3513794,-111.5874329,6,2004,200406,46.4,45.2
Metropolitan Savings Bank,4415 Butler Street,Pittsburgh,PA,15201,35353,2-Feb-07,Allegheny Valley Bank of Pittsburgh,40.472027,-79.959702,2,2007,200702,15.8,12
NetBank,1015 Windward Ridge Parkway,Alpharetta,GA,30005,32575,28-Sep-07,ING DIRECT,34.097809,-84.20961,9,2007,200709,2500,2300
Miami Valley Bank,8793 TOWNSHIP ROAD 239,LAKEVIEW,OH,43331,16848,4-Oct-07,The Citizens Banking Company,40.4785379,-83.9079013,10,2007,200710,86.7,76
Douglass National Bank,1670 EAST 63RD STREET,KANSAS CITY,MO,64110,24660,25-Jan-08,Liberty Bank and Trust Company,39.0129876,-94.5668008,1,2008,200801,58.5,53.8
Hume Bank,NORTHWEST CORNER OF MAIN STREET,HUME,MO,64752,1971,7-Mar-08,Security Bank,38.0302734,-94.528038,3,2008,200803,18.7,12.5
"ANB Financial, NA",3605 SOUTHERN HILLS BOULEVARD,ROGERS,AR,72758,33901,9-May-08,Pulaski Bank and Trust Company,36.2858505,-94.1642914,5,2008,200805,2100,212.9
"First Integrity Bank, NA",111 4TH STREET NORTHEAST,STAPLES,MN,56479,12736,30-May-08,First International Bank and Trust,46.3549105,-94.7950474,5,2008,200805,54.7,50.3
IndyMac Bank,888 East Walnut Street,Pasadena,CA,91101,29730,11-Jul-08,"OneWest Bank, FSB",34.149128,-118.13308,7,2008,200807,32010,19060
First National Bank of Nevada,6275 NEIL ROAD,RENO,NV,89511,27011,25-Jul-08,Mutual of Omaha Bank,39.468918,-119.783707,7,2008,200807,3400,3000
"First Heritage Bank, NA","4675 MACARTHUR COURT, SUITE 1480",NEWPORT BEACH,CA,92660,57961,25-Jul-08,Mutual of Omaha Bank,33.6694338,-117.8620812,7,2008,200807,254,233
First Priority Bank,4702 CORTEZ ROAD WEST,BRADENTON,FL,34210,57523,1-Aug-08,SunTrust Bank,27.462927,-82.608772,8,2008,200808,259,227
Columbian Bank & Trust,701 KANSAS AVENUE,TOPEKA,KS,66603,22728,22-Aug-08,Citizens Bank & Trust,39.0502281,-95.6744385,8,2008,200808,752,622
Integrity Bank,11140  STATE BRIDGE ROAD,ALPHARETTA,GA,30022,35469,29-Aug-08,Regions Bank,34.0523078,-84.2286298,8,2008,200808,1100,974
Silver State Bank,"170 SOUTH GREEN VALLEY PARKWAY, STE 300",HENDERSON,NV,89012,34194,5-Sep-08,Nevada State Bank,36.021492,-115.082336,9,2008,200809,2000,1700
Ameribank,70 Mcdowell Street,Northfork,WV,24801,6782,19-Sep-08,"The Citizens Savings Bank, Pioneer Community Bank, Inc.",37.4139709,-81.4295731,9,2008,200809,115,102
Washington Mutual Bank (Including its subsidiary Washington Mutual Bank FSB),2273 North Green Valley Parkway,Henderson,NV,89014,32633,25-Sep-08,JP Morgan Chase Bank,47.607174,-122.336205,9,2008,200809,307000,188000
Main Street Bank,201 EAST MAIN STREET,NORTHVILLE,MI,48167,57654,10-Oct-08,Monroe Bank & Trust,42.431484,-83.480774,10,2008,200810,98,86
Meridian Bank,308 LOCUST,ELDRED,IL,62027,13789,10-Oct-08,National Bank,39.2870121,-90.5527832,10,2008,200810,39.18,36.88
Alpha Bank & Trust,3651 OLD MILTON PARKWAY,ALPHARETTA,GA,30005,58241,24-Oct-08,"Stearns Bank, N.A.",34.064346,-84.253883,10,2008,200810,354.1,346.2
Freedom Bank,617 CORTEZ ROAD,BRADENTON,FL,34207,57930,31-Oct-08,Fifth Third Bank,27.4620399,-82.5694199,10,2008,200810,287,254
"Franklin Bank, SSB",9800 RICHMOND AVENUE SUITE 680,HOUSTON,TX,77042,26870,7-Nov-08,Prosperity Bank,29.728489,-95.541252,11,2008,200811,5100,3700
Security Pacific Bank,"12121 WILSHIRE BOULEVARD, SUITE 1350",LOS ANGELES,CA,90025,23595,7-Nov-08,Pacific Western Bank,34.044006,-118.46817,11,2008,200811,561.1,450.1
Downey Savings & Loan,3501 Jamboree Rd,Newport Beach,CA,92660,30968,21-Nov-08,"U.S. Bank, N.A.",33.654854,-117.866524,11,2008,200811,12800,9700
PFF Bank & Trust,399 North Garey Avenue,Pomona,CA,91767,28344,21-Nov-08,"U.S. Bank, N.A.",34.060799,-117.751091,11,2008,200811,3700,2400
Community Bank,4581 ATLANTA HIGHWAY,LOGANVILLE,GA,30249,16490,21-Nov-08,Bank of Essex,33.8348564,-83.8953888,11,2008,200811,681,611.4
First Georgia Community Bank,150 COVINGTON STREET,JACKSON,GA,30233,34301,5-Dec-08,United Bank,33.2955902,-83.9616019,12,2008,200812,237.5,197.4
Haven Trust Bank,6340 SUGARLOAF PARKWAY SUITE 100,DULUTH,GA,30097,35379,12-Dec-08,"Branch Banking & Trust Company, (BB&T)",33.9906337,-84.0896827,12,2008,200812,572,515
Sanderson State Bank,216 W. OAK STREET,SANDERSON,TX,79848,11568,12-Dec-08,The Pecos County State Bank,30.1414318,-102.3988766,12,2008,200812,37,27.9
Bank of Clark County,"1400 WASHINGTON STREET, SUITE 200",VANCOUVER,WA,98660,34959,16-Jan-09,Umpqua Bank,45.632191,-122.673256,1,2009,200901,446.5,366.5
National Bank of Commerce,5500 SAINT CHARLES ROAD,BERKELEY,IL,60163,19733,16-Jan-09,Republic Bank of Chicago,41.889702,-87.907227,1,2009,200901,430.9,402.1
1st Centennial Bank,218 EAST STATE STREET,REDLANDS,CA,92373,33025,23-Jan-09,First California Bank,34.056156,-117.179878,1,2009,200901,803.3,676.9
Suburban FSB,2120 Baldwin Avenue,Crofton,MD,21114,30763,30-Jan-09,Bank of Essex,38.9916687,-76.6948471,1,2009,200901,360,302
MagnetBank,"2825 EAST COTTONWOOD PARKWAY, SUITE 180",SALT LAKE CITY,UT,84121,58001,30-Jan-09,No Acquirer,40.6340027,-111.8123398,1,2009,200901,292.2,282.8
Ocala National Bank,3001 SOUTHEAST MARICAMP ROAD,OCALA,FL,34471,26538,30-Jan-09,"CenterState Bank of Florida, N.A.",29.166431,-82.096466,1,2009,200901,223.5,205.2
County Bank,550 WEST MAIN STREET,MERCED,CA,95340,22574,6-Feb-09,Westamerica Bank,37.3016893,-120.4841269,2,2009,200902,1700,1300
Alliance Bank,"100 CORPORATE POINTE, SUITE 110",CULVER CITY,CA,90230,23124,6-Feb-09,California Bank & Trust,33.98843,-118.381325,2,2009,200902,1140,951
FirstBank Financial Services,120 KEYS FERRY STREET,MCDONOUGH,GA,30253,57017,6-Feb-09,Regions Bank,33.447311,-84.143204,2,2009,200902,337,279
Riverside Bank of the Gulf Coast,2107 SANTA BARBARA BOULEVARD,CAPE CORAL,FL,33991,34563,13-Feb-09,TIB Bank,26.6134431,-81.97415,2,2009,200902,539,424
Corn Belt Bank & Trust Co.,643 WEST WASHINGTON STREET,PITTSFIELD,IL,62363,16500,13-Feb-09,The Carlinville National Bank,39.6067449,-90.8144514,2,2009,200902,271.8,234.4
Sherman County Bank,734 O STREET,LOUP CITY,NE,68853,5431,13-Feb-09,Heritage Bank,41.2746893,-98.9678894,2,2009,200902,129.8,85.1
Pinnacle Bank of Oregon,"8880 SOUTHWEST NIMBUS AVENUE, SUITE D",BEAVERTON,OR,97008,57342,13-Feb-09,Washington Trust Bank of Spokane,45.455795,-122.787949,2,2009,200902,73,64
Silver Falls Bank,217 EAST MAIN STREET,SILVERTON,OR,97381,35399,20-Feb-09,Citizens Bank,45.0053215,-122.7828739,2,2009,200902,131.4,116.3
Security Savings Bank,"3019 SAINT ROSE PARKWAY, SUITE 100",HENDERSON,NV,89052,34820,27-Feb-09,Bank of Nevada,36.003464,-115.117691,2,2009,200902,238.3,175.2
Heritage Community Bank,18301 SOUTH HALSTED,GLENWOOD,IL,60425,20078,27-Feb-09,"MB Financial Bank, N.A.",41.5572734,-87.6359982,2,2009,200902,232.9,218.6
Freedom Bank of Georgia,3165 MAYSVILLE ROAD,COMMERCE,GA,30529,57558,6-Mar-09,Northeast Georgia Bank,34.208935,-83.479469,3,2009,200903,173,161
"TeamBank, NA",1 SOUTH PEARL STREET,PAOLA,KS,66071,4754,20-Mar-09,Great Southern Bank,38.5725273,-94.8777761,3,2009,200903,669.8,492.8
FirstCity Bank,831 FAIRWAYS COURT,STOCKBRIDGE,GA,30281,18243,20-Mar-09,No Acquirer,33.504967,-84.220406,3,2009,200903,297,278
Colorado National Bank,3110 NORTH NEVADA AVENUE,COLORADO SPRINGS,CO,80907,18896,20-Mar-09,Herring Bank,38.876942,-104.81942,3,2009,200903,123.5,82.7
Omni National Bank,5 CONCOURSE PARKWAY SUITE 100,ATLANTA,GA,30328,22238,27-Mar-09,No Acquirer,33.9173712,-84.3547279,3,2009,200903,956,796.8
New Frontier Bank,2425 35TH AVENUE,GREELEY,CO,80634,34881,10-Apr-09,No Acquirer,40.398762,-104.735764,4,2009,200904,2000,1500
Cape Fear Bank,1117 MILITARY CUTOFF ROAD,WILMINGTON,NC,28405,34639,10-Apr-09,First Federal Savings and Loan Association,34.237442,-77.827827,4,2009,200904,492,403
Great Basin Bank of Nevada,487 RAILROAD STREET,ELKO,NV,89801,33824,17-Apr-09,Nevada State Bank,40.8319686,-115.762627,4,2009,200904,270.9,241.4
American Sterling Bank,535 South Sterling,Sugar Creek,MO,64054,8266,17-Apr-09,Metcalf Bank,39.1038944,-94.44506,4,2009,200904,181,171.9
First Bank of Beverly Hills,"23901 CALABASAS ROAD, SUITE 1050",CALABASAS,CA,91302,32069,24-Apr-09,No Acquirer,34.154381,-118.647873,4,2009,200904,1500,1000
First Bank of Idaho,111 Main Street,Ketchum,ID,83340,34396,24-Apr-09,"U.S. Bank, N.A.",43.6796612,-114.3629457,4,2009,200904,488.9,374
Michigan Heritage Bank,28300 ORCHARD LAKE ROAD SUITE 200,FARMINGTON HILLS,MI,48334,34369,24-Apr-09,Level One Bank,42.504028,-83.358009,4,2009,200904,184.6,151.7
American Southern Bank,745 CHASTAIN ROAD NW BUILDING 4000,KENNESAW,GA,30144,57943,24-Apr-09,Bank of North Georgia,34.03442,-84.570961,4,2009,200904,112.3,104.3
"Silverton Bank, NA",2410 PACES FERRY ROAD 600 PACES SUMMIT,ATLANTA,GA,30339,26535,1-May-09,No Acquirer,33.861252,-84.483093,5,2009,200905,4100,3300
America West Bank,"476 WEST HERITAGE PARK BOULEVARD, S-100",LAYTON,UT,84041,35461,1-May-09,Cache Valley Bank,41.0500946,-112.0339966,5,2009,200905,299.4,284.1
Citizens Community Bank,1717 EAST RIDGEWOOD AVENUE,RIDGEWOOD,NJ,7450,57563,1-May-09,North Jersey Community Bank,40.9741592,-74.0963287,5,2009,200905,45.1,43.7
Westsound Bank,607 PACIFIC AVENUE,BREMERTON,WA,98337,34843,8-May-09,Kitsap Bank,47.567661,-122.627594,5,2009,200905,334.6,304.5
"BankUnited, FSB",255 Alhambra Circle,Coral Gables,FL,33134,32247,21-May-09,BankUnited,25.752647,-80.260117,5,2009,200905,12800,8600
Strategic Capital Bank,1608 BROADMOOR DRIVE,CHAMPAIGN,IL,61821,35175,22-May-09,Midland States Bank,40.094234,-88.273216,5,2009,200905,537,471
Citizens National Bank,127 SOUTH SIDE SQUARE,MACOMB,IL,61455,5757,22-May-09,Morton Community Bank,40.4582416,-90.6712268,5,2009,200905,437,400
Bank of Lincolnwood,4433 WEST TOUHY AVENUE,LINCOLNWOOD,IL,60646,17309,5-Jun-09,Republic Bank of Chicago,42.011467,-87.740318,6,2009,200906,214,202
Cooperative Bank,201 MARKET STREET,WILMINGTON,NC,28401,27837,19-Jun-09,First Bank,34.235836,-77.947166,6,2009,200906,970,774
Southern Community Bank,525 NORTH JEFF DAVIS DRIVE,FAYETTEVILLE,GA,30214,35251,19-Jun-09,United Community Bank,33.4581039,-84.4502319,6,2009,200906,377,307
First National Bank of Anthony,203 WEST MAIN STREET,ANTHONY,KS,67003,4614,19-Jun-09,Bank of Kansas,37.1522433,-98.0316617,6,2009,200906,156.9,142.5
Mirae Bank,3255 WILSHIRE BOULEVARD,LOS ANGELES,CA,90010,57332,26-Jun-09,Wilshire State Bank,34.0622406,-118.2932663,6,2009,200906,456,362
Neighborhood Community Bank,145 MILLARD FARMER INDUSTRIAL BOULEVARD,NEWNAN,GA,30263,35285,26-Jun-09,CharterBank,33.400771,-84.7723391,6,2009,200906,221.6,191.3
Community Bank of West Georgia,662 HIGHWAY 61,VILLA RICA,GA,30180,57436,26-Jun-09,No Acquirer,33.716965,-84.937073,6,2009,200906,199.4,182.5
Horizon Bank,600 HILLSIDE AVENUE SW,PINE CITY,MN,55063,9744,26-Jun-09,"Stearns Bank, N.A.",45.8190695,-92.9711091,6,2009,200906,87.6,69.4
MetroPacific Bank,"18831 VON KARMAN AVENUE, SUITE 101",IRVINE,CA,92612,57893,26-Jun-09,Sunwest Bank,33.672279,-117.858147,6,2009,200906,80,73
Founders Bank,6825 WEST 111TH STREET,WORTH,IL,60482,18390,2-Jul-09,The PrivateBank and Trust Company,41.689808,-87.804375,7,2009,200907,962.5,848.9
First National Bank of Danville,ONE TOWNE CENTRE,DANVILLE,IL,61832,3644,2-Jul-09,"First Financial Bank, N.A.",40.1242818,-87.6299351,7,2009,200907,166,147
Millennium State Bank of Texas,11950 WEBB CHAPEL RD,DALLAS,TX,752347724,57667,2-Jul-09,State Bank of Texas,32.912117,-96.8727646,7,2009,200907,118,115
Rock River Bank,101 SOUTH 4TH STREET,OREGON,IL,61061,15302,2-Jul-09,The Harvard State Bank,42.014359,-89.332329,7,2009,200907,77,75.8
John Warner Bank,301 SOUTH SIDE SQUARE,CLINTON,IL,61727,12093,2-Jul-09,State Bank of Lincoln,40.1523149,-88.9603235,7,2009,200907,70,64
Elizabeth State Bank,151 NORTH MAIN,ELIZABETH,IL,61028,9262,2-Jul-09,Galena State Bank and Trust Company,42.318316,-90.2216812,7,2009,200907,55.5,50.4
First State Bank of Winchester,1 NORTH SIDE SQUARE,WINCHESTER,IL,62694,11710,2-Jul-09,The First National Bank of Beardstown,39.6285787,-90.4561499,7,2009,200907,36,34
Bank of Wyoming,435 ARAPAHOE,THERMOPOLIS,WY,82443,22754,10-Jul-09,Central Bank & Trust,43.646759,-108.209938,7,2009,200907,70,67
Vineyard Bank,9590 FOOTHILL BOULEVARD,RANCHO CUCAMONGA,CA,91730,23556,17-Jul-09,California Bank & Trust,34.107189,-117.596138,7,2009,200907,1900,1600
Temecula Valley Bank,"27710 JEFFERSON AVENUE, A100",TEMECULA,CA,92593,34341,17-Jul-09,First-Citizens Bank & Trust Company,33.512867,-117.1583939,7,2009,200907,1500,1300
BankFirst,6100 SOUTH OLD VILLAGE PLACE,SIOUX FALLS,SD,57108,34103,17-Jul-09,"Alerus Financial, N.A.",43.4894523,-96.7462794,7,2009,200907,275,254
First Piedmont Bank,65 EAST MAY STREET,WINDER,GA,30680,34594,17-Jul-09,First American Bank and Trust Company,33.9883652,-83.7197266,7,2009,200907,115,109
Security Bank of Gwinnett County,1380 PEACHTREE INDUSTRIAL BOULEVARD,SUWANEE,GA,30024,57346,24-Jul-09,State Bank and Trust Company,34.0403183,-84.0986875,7,2009,200907,2800,2400
Security Bank of Bibb County,4219 FORSYTH ROAD,MACON,GA,31210,27367,24-Jul-09,State Bank and Trust Company,32.8660847,-83.6938584,7,2009,200907,1200,1000
Security Bank of Jones County,282 WEST CLINTON STREET,GRAY,GA,31032,8486,24-Jul-09,State Bank and Trust Company,33.004894,-83.548477,7,2009,200907,453,387
Security Bank of Houston County,1208 WASHINGTON STREET,PERRY,GA,310692556,27048,24-Jul-09,State Bank and Trust Company,32.4622002,-83.7331543,7,2009,200907,383,320
Security Bank of North Metro,155 TOWNE LAKE PARKWAY,WOODSTOCK,GA,30188,57105,24-Jul-09,State Bank and Trust Company,34.102161,-84.527298,7,2009,200907,224,212
Security Bank of North Fulton,2380 OLD MILTON PARKWAY,ALPHARETTA,GA,30004,57430,24-Jul-09,State Bank and Trust Company,34.071262,-84.290298,7,2009,200907,209,191
Waterford Village Bank,8411 MAIN STREET,WILLIAMSVILLE,NY,14221,58065,24-Jul-09,"Evans Bank, N.A.",42.9620705,-78.7496109,7,2009,200907,61.4,58
Mutual Bank,16540 SOUTH HALSTED STREET,HARVEY,IL,60426,18659,31-Jul-09,United Central Bank,41.58868,-87.637825,7,2009,200907,1600,1600
Peoples Community Bank,6100 West Chester Road,West Chester,OH,45069,32288,31-Jul-09,"First Financial Bank, N.A.",39.328564,-84.422653,7,2009,200907,705.8,598.2
First BankAmericano,339 NORTH BROAD STREET,ELIZABETH,NJ,7208,34270,31-Jul-09,Crown Bank,40.670116,-74.2156633,7,2009,200907,166,157
Integrity Bank,1315 WEST INDIANTOWN ROAD,JUPITER,FL,33458,57604,31-Jul-09,Stonegate Bank,26.9347,-80.118713,7,2009,200907,119,102
First State Bank of Altus,721 NORTH MAIN STREET,ALTUS,OK,73521,9873,31-Jul-09,Herring Bank,34.64518,-99.334717,7,2009,200907,103.4,98.2
First State Bank,22 SOUTH LINKS AVENUE,SARASOTA,FL,34236,27364,7-Aug-09,"Stearns Bank, N.A.",27.336273,-82.5330848,8,2009,200908,463,387
Community First Bank,555 NORTHWEST THIRD STREET,PRINEVILLE,OR,97754,23268,7-Aug-09,Home Federal Bank,44.303219,-120.85257,8,2009,200908,209,182
Community National Bank of Sarasota County,201 CENTER RD,VENICE,FL,34292,27183,7-Aug-09,"Stearns Bank, N.A.",27.079672,-82.422523,8,2009,200908,97,93
Colonial Bank,100 COLONIAL BANK BOULEVARD,MONTGOMERY,AL,36117,9609,14-Aug-09,"Branch Banking & Trust Company, (BB&T)",32.369999,-86.131241,8,2009,200908,25000,20000
Community Bank of Nevada,"400 SOUTH FOURTH STREET, SUITE 110",LAS VEGAS,NV,89101,34043,14-Aug-09,No Acquirer,36.1662452,-115.1441451,8,2009,200908,1520,1380
Community Bank of Arizona,"2700 NORTH CENTRAL AVENUE, SUITE 110",PHOENIX,AZ,85004,57645,14-Aug-09,MidFirst Bank,33.477947,-112.074524,8,2009,200908,158.5,143.8
"Union Bank, National Association",3631 EAST BASELINE ROAD,GILBERT,AZ,85234,34485,14-Aug-09,MidFirst Bank,33.378601,-111.752861,8,2009,200908,124,112
Dwelling House Savings and Loan Association,501 Herron Ave,Pittsburgh,PA,15219,31559,14-Aug-09,"PNC Bank, N.A.",40.448902,-79.965164,8,2009,200908,13.4,13.8
Guaranty Bank,1300 South Mopac Expressway,Austin,TX,78746,32618,21-Aug-09,BBVA Compass,30.26302,-97.793221,8,2009,200908,13000,12000
CapitalSouth Bank,2340 WOODCREST PLACE,BIRMINGHAM,AL,35209,22130,21-Aug-09,IBERIABANK,33.4884578,-86.7872708,8,2009,200908,617,546
First Coweta Bank,61 BULLSBORO DRIVE,NEWNAN,GA,30263,57702,21-Aug-09,United Bank,33.382084,-84.785294,8,2009,200908,167,155
ebank,"2410 Paces Ferry Road, Suite 190",Atlanta,GA,30339,34682,21-Aug-09,"Stearns Bank, N.A.",33.8612518,-84.4830933,8,2009,200908,143,130
Affinity Bank,101 SOUTH CHESTNUT,VENTURA,CA,93001,27197,28-Aug-09,Pacific Western Bank,34.2791557,-119.2919617,8,2009,200908,1000,922
Mainstreet Bank,1650 SOUTH LAKE STREET,FOREST LAKE,MN,55025,1909,28-Aug-09,Central Bank,45.262497,-92.984467,8,2009,200908,459,434
Bradford Bank,6900 York Road,Baltimore,MD,21212,28312,28-Aug-09,Manufacturers and Traders Trust Company (M&T Bank),39.378716,-76.608788,8,2009,200908,452,383
Vantus Bank,329 Pierce Street,Sioux City,IA,51101,27732,4-Sep-09,Great Southern Bank,42.493607,-96.40564,9,2009,200909,458,368
Platinum Community Bank,2915 West Kirchoff Road,Rolling Meadows,IL,60008,35030,4-Sep-09,No Acquirer,42.0752907,-88.0278625,9,2009,200909,345.6,305
InBank,15533 SOUTH CICERO AVENUE,OAK FOREST,IL,60452,20203,4-Sep-09,"MB Financial Bank, N.A.",41.609539,-87.736015,9,2009,200909,212,199
First State Bank,1750 SOUTH WOODLANDS VILLAGE BOULEVARD,FLAGSTAFF,AZ,86001,34875,4-Sep-09,Sunwest Bank,35.185455,-111.667801,9,2009,200909,105,95
First Bank of Kansas City,3901 MAIN STREET,KANSAS CITY,MO,64111,25231,4-Sep-09,Great American Bank,39.056187,-94.585609,9,2009,200909,16,15
"Corus Bank, N.A.",3959 LINCOLN AVENUE,CHICAGO,IL,60613,13693,11-Sep-09,"MB Financial Bank, N.A.",41.9538994,-87.6782227,9,2009,200909,7000,7000
Venture Bank,721 COLLEGE STREET SE,LACEY,WA,98503,22868,11-Sep-09,First-Citizens Bank & Trust Company,47.040703,-122.823845,9,2009,200909,970,903
Brickwell Community Bank,525 COMMONS DRIVE,WOODBURY,MN,55125,57736,11-Sep-09,CorTrust Bank N.A.,44.940948,-92.931343,9,2009,200909,72,63
Irwin Union Bank and Trust Company,500 WASHINGTON STREET,COLUMBUS,IN,47201,10100,18-Sep-09,"First Financial Bank, N.A.",39.2036048,-85.9212264,9,2009,200909,2700,2100
"Irwin Union Bank, F.S.B.",140 Whittington Parkway,Louisville,KY,40222,57068,18-Sep-09,"First Financial Bank, N.A.",38.2451324,-85.582077,9,2009,200909,493,441
Georgian Bank,3300 CUMBERLAND BOULEVARD,ATLANTA,GA,30339,57151,25-Sep-09,"First Citizens Bank and Trust Company, Inc.",33.8753052,-84.4593506,9,2009,200909,2000,2000
Warren Bank,30068 SCHOENHERR ROAD,WARREN,MI,48088,34824,2-Oct-09,The Huntington National Bank,42.51609,-82.98735,10,2009,200910,538,501
Jennings State Bank,126 W. MAIN ST.,SPRING GROVE,MN,55974,11416,2-Oct-09,Central Bank,43.56126,-91.637138,10,2009,200910,56.3,52.4
Southern Colorado National Bank,3595 SPAULDING AVENUE,PUEBLO,CO,81008,57263,2-Oct-09,Legacy Bank,38.3072739,-104.6624832,10,2009,200910,39.5,31.9
San Joaquin Bank,1301 17TH STREET,BAKERSFIELD,CA,93301,23266,16-Oct-09,Citizens Business Bank,35.374046,-119.0168,10,2009,200910,775,631
Bank of Elmwood,2704 LATHROP AVENUE,RACINE,WI,53405,18321,23-Oct-09,Tri City National Bank,42.699081,-87.826576,10,2009,200910,327.4,273.2
First DuPage Bank,520 NORTH CASS AVENUE,WESTMONT,IL,60559,35038,23-Oct-09,First Midwest Bank,41.808296,-87.976555,10,2009,200910,279,254
Flagship National Bank,6004 26TH STREET WEST,BRADENTON,FL,34207,35044,23-Oct-09,First Federal Bank of Florida,27.4353809,-82.5881882,10,2009,200910,190,175
American United Bank,1846 OLD NORCROSS ROAD SUITE 300,LAWRENCEVILLE,GA,30044,57794,23-Oct-09,Ameris Bank,33.9525792,-84.0571763,10,2009,200910,111,101
Riverview Community Bank,9040 QUADAY AVENUE NORTHEAST SUITE 100,OTSEGO,MN,55330,57525,23-Oct-09,Central Bank,45.2821389,-93.5641502,10,2009,200910,108,80
Hillcrest Bank Florida,5325 AIRPORT ROAD NORTH,NAPLES,FL,34109,58336,23-Oct-09,Stonegate Bank,26.2117596,-81.7685318,10,2009,200910,83,84
Partners Bank,3021 Airport-Pulling Road North,Naples,FL,34105,57959,23-Oct-09,Stonegate Bank,26.1856496,-81.767689,10,2009,200910,65.5,64.9
California National Bank,"221 SOUTH FIGUEROA STREET, SUITE 100",LOS ANGELES,CA,90012,34659,30-Oct-09,U.S. Bank N.A.,34.0562365,-118.2534557,10,2009,200910,7800,6200
Park National Bank,801 NORTH CLARK,CHICAGO,IL,60610,11677,30-Oct-09,U.S. Bank N.A.,41.896862,-87.6308517,10,2009,200910,4700,3700
San Diego National Bank,1420 KETTNER BOULEVARD,SAN DIEGO,CA,92101,23594,30-Oct-09,U.S. Bank N.A.,32.720173,-117.169579,10,2009,200910,3600,2900
Pacific National Bank,300 MONTGOMERY STREET,SAN FRANCISCO,CA,94104,30006,30-Oct-09,U.S. Bank N.A.,37.792355,-122.402382,10,2009,200910,2300,1800
North Houston Bank,3945 EAST LITTLE YORK ROAD,HOUSTON,TX,77093,18776,30-Oct-09,U.S. Bank N.A.,29.870426,-95.326637,10,2009,200910,326.2,308
Madisonville State Bank,208 W. MAIN,MADISONVILLE,TX,77864,33782,30-Oct-09,U.S. Bank N.A.,30.948837,-95.9147564,10,2009,200910,256.7,225.2
"Bank USA, N.A.",2222 EAST CAMELBACK ROAD,PHOENIX,AZ,85016,32218,30-Oct-09,U.S. Bank N.A.,33.509598,-112.032753,10,2009,200910,212.8,117.1
Citizens National Bank,420 MAIN STREET,TEAGUE,TX,75860,25222,30-Oct-09,U.S. Bank N.A.,31.6271207,-96.283723,10,2009,200910,118.2,97.7
Community Bank of Lemont,1229 STATE STREET,LEMONT,IL,60439,35291,30-Oct-09,U.S. Bank N.A.,41.655235,-87.998924,10,2009,200910,81.8,81.2
United Commercial Bank,555 MONTGOMERY STREET,SAN FRANCISCO,CA,94111,32469,6-Nov-09,East West Bank,37.794392,-122.403442,11,2009,200911,11200,7500
Prosperan Bank,990 HELENA AVENUE NORTH,OAKDALE,MN,55128,35074,6-Nov-09,"Alerus Financial, N.A.",44.962788,-92.955109,11,2009,200911,199.5,175.6
United Security Bank,9031 EAST BROAD STREET,SPARTA,GA,31087,22286,6-Nov-09,Ameris Bank,33.27544,-82.969368,11,2009,200911,157,150
Gateway Bank of St. Louis,3412 UNION BOULEVARD,SAINT LOUIS,MO,63115,19450,6-Nov-09,Central Bank of Kansas City,38.6782372,-90.2589083,11,2009,200911,27.7,27.9
Home Federal Savings Bank,9108 Woodward Ave,Detroit,MI,48202,30329,6-Nov-09,Liberty Bank and Trust Company,42.3830009,-83.0817702,11,2009,200911,14.9,12.8
Orion Bank,2150 GOODLETTE ROAD NORTH 1ST FLOOR,NAPLES,FL,34102,22427,13-Nov-09,IBERIABANK,26.172432,-81.790764,11,2009,200911,2700,2100
"Century Bank, F.S.B.",1680 Fruitville Road,Sarasota,FL,34236,32267,13-Nov-09,IBERIABANK,27.338531,-82.536583,11,2009,200911,728,631
Pacific Coast National Bank,"905 CALLE AMANECER, SUITE 100",SAN CLEMENTE,CA,92673,57914,13-Nov-09,Sunwest Bank,33.448578,-117.607681,11,2009,200911,134.4,130.9
Commerce Bank of Southwest Florida,1520 ROYAL PALM SQUARE BOULEVARD SUITE 100,FORT MYERS,FL,33919,58016,20-Nov-09,Central Bank,26.593719,-81.884239,11,2009,200911,79.7,76.7
AmTrust Bank,1801 East Ninth Street,Cleveland,OH,44114,29776,4-Dec-09,New York Community Bank,41.501228,-81.6875613,12,2009,200912,12000,8000
The Buckhead Community Bank,415 EAST PACES FERRY ROAD,ATLANTA,GA,30305,34663,4-Dec-09,State Bank and Trust Company,33.8384921,-84.3743234,12,2009,200912,874,838
Greater Atlantic Bank,"10700 Parkridge Boulevard, Suite P50",Reston,VA,20191,32583,4-Dec-09,Sonabank,38.9448461,-77.3137126,12,2009,200912,203,179
Benchmark Bank,ONE NORTH CONSTITUTION DRIVE,AURORA,IL,60506,10440,4-Dec-09,"MB Financial Bank, N.A.",41.7653694,-88.3698502,12,2009,200912,170,181
First Security National Bank,6170 PEACHTREE PARKWAY,NORCROSS,GA,30092,26290,4-Dec-09,State Bank and Trust Company,33.9495201,-84.234581,12,2009,200912,128,123
The Tattnall Bank,104 N. MAIN STREET,REIDSVILLE,GA,304539200,12080,4-Dec-09,Heritage Bank of the South,32.0871759,-82.1182872,12,2009,200912,49.6,47.3
SolutionsBank,7401 WEST 135TH STREET,OVERLAND PARK,KS,66223,4731,11-Dec-09,Arvest Bank,38.883038,-94.672234,12,2009,200912,511.1,421.3
"Republic Federal Bank, N.A.","8600 NORTHWEST 36TH STREET, SUITE 800",MIAMI,FL,33166,22846,11-Dec-09,1st United Bank,25.808815,-80.3361359,12,2009,200912,433,352.7
"Valley Capital Bank, N.A.","1910 SOUTH STAPLEY DRIVE, SUITE 137",MESA,AZ,85204,58399,11-Dec-09,Enterprise Bank & Trust,33.3801683,-111.8072954,12,2009,200912,40.3,41.3
"First Federal Bank of California, F.S.B.",401 Wilshire Boulevard,Santa Monica,CA,90401,28536,18-Dec-09,"OneWest Bank, FSB",34.019875,-118.498665,12,2009,200912,6100,4500
Imperial Capital Bank,"888 PROSPECT STREET, SUITE 110",LA JOLLA,CA,92037,26348,18-Dec-09,City National Bank,32.846691,-117.275826,12,2009,200912,4000,2800
Peoples First Community Bank,2305 Hwy 77,Panama City,FL,32405,32167,18-Dec-09,Hancock Bank,30.18997,-85.650551,12,2009,200912,1800,1700
New South Federal Savings Bank,2000 Crestwood Blvd,Irondale,AL,35210,32276,18-Dec-09,Beal Bank,33.534367,-86.702576,12,2009,200912,1500,1200
Independent Bankers' Bank,3161 WEST WHITE OAKS DRIVE SUITE 300,SPRINGFIELD,IL,62704,26820,18-Dec-09,The Independent BankersBank (TIB),39.7606554,-89.7085773,12,2009,200912,585.5,511.5
RockBridge Commercial Bank,5607 GLENRIDGE DRIVE SUITE 100,ATLANTA,GA,30342,58315,18-Dec-09,No Acquirer,33.9068718,-84.3629379,12,2009,200912,294,291.7
Citizens State Bank,51066 WASHINGTON,NEW BALTIMORE,MI,48047,1006,18-Dec-09,No Acquirer,42.6803703,-82.735199,12,2009,200912,168.6,157.1
Horizon Bank,1500 CORNWALL AVENUE,BELLINGHAM,WA,98225,22977,8-Jan-10,Washington Federal Savings and Loan Association,48.751778,-122.475571,1,2010,201001,1300,1100
Barnes Banking Company,33 SOUTH MAIN STREET,KAYSVILLE,UT,84037,1252,15-Jan-10,No Acquirer,41.0340462,-111.9379272,1,2010,201001,827.8,786.5
Town Community Bank & Trust,41412 NORTH HIGHWAY 83,ANTIOCH,IL,60002,34705,15-Jan-10,First American Bank,42.4558945,-88.0758667,1,2010,201001,69.6,67.4
St. Stephen State Bank,2 CENTRAL AVENUE SOUTH,SAINT STEPHEN,MN,56375,17522,15-Jan-10,First State Bank of St. Joseph,45.702778,-94.274261,1,2010,201001,24.7,23.4
Charter Bank,809 Saint Michaels Drive,Santa Fe,NM,87505,32498,22-Jan-10,Charter Bank,35.659958,-105.962433,1,2010,201001,1200,851.5
Columbia River Bank,"401 EAST 3RD STREET, SUITE 200",THE DALLES,OR,97058,22469,22-Jan-10,Columbia State Bank,45.6000517,-121.181111,1,2010,201001,1100,1000
Evergreen Bank,"1111 THIRD AVENUE, SUITE 100",SEATTLE,WA,98101,20501,22-Jan-10,Umpqua Bank,47.606544,-122.33535,1,2010,201001,488.5,439.4
Premier American Bank,5301 BLUE LAGOON DRIVE SUITE 200,MIAMI,FL,33126,57147,22-Jan-10,"Premier American Bank, N.A.",25.783163,-80.283844,1,2010,201001,350.9,326.3
Bank of Leeton,101 EAST STONE STREET,LEETON,MO,64761,8265,22-Jan-10,"Sunflower Bank, N.A.",38.5849495,-93.69487,1,2010,201001,20.1,20.4
First Regional Bank,1801 CENTURY PARK EAST,LOS ANGELES,CA,90067,23011,29-Jan-10,First-Citizens Bank & Trust Company,34.062199,-118.415817,1,2010,201001,2180,1870
Community Bank and Trust,448 NORTH MAIN STREET,CORNELIA,GA,30531,5702,29-Jan-10,SCBT National Association,34.5162315,-83.5283661,1,2010,201001,1200,1100
Florida Community Bank,1400 NORTH 15TH STREET,IMMOKALEE,FL,34142,5672,29-Jan-10,"Premier American Bank, N.A.",26.4382922,-81.4338552,1,2010,201001,875.5,795.5
First National Bank of Georgia,201 MAPLE STREET,CARROLLTON,GA,30117,16480,29-Jan-10,Community & Southern Bank,33.5791024,-85.0778259,1,2010,201001,832.6,757.9
American Marine Bank,249 WINSLOW WAY EAST,BAINBRIDGE ISLAND,WA,98110,16730,29-Jan-10,Columbia State Bank,47.624306,-122.519325,1,2010,201001,373.2,308.5
"Marshall Bank, N.A.",203 SECOND STREET SOUTH,HALLOCK,MN,56728,16133,29-Jan-10,United Valley Bank,48.774929,-96.9435425,1,2010,201001,59.9,54.7
1st American State Bank of Minnesota,563 6TH STREET,HANCOCK,MN,56244,15448,5-Feb-10,"Community Development Bank, FSB",45.4979561,-95.7953873,2,2010,201002,18.2,16.3
"La Jolla Bank, FSB",888 Prospect Street,La Jolla,CA,92037,32423,19-Feb-10,"OneWest Bank, FSB",32.846691,-117.275826,2,2010,201002,3800,2800
George Washington Savings Bank,14701 SOUTH LAGRANGE ROAD,ORLAND PARK,IL,60462,29952,19-Feb-10,"FirstMerit Bank, N.A.",41.62265,-87.852974,2,2010,201002,412.8,397
Marco Community Bank,1770 SAN MARCO ROAD,MARCO ISLAND,FL,34146,57586,19-Feb-10,Mutual of Omaha Bank,25.9343044,-81.7004715,2,2010,201002,119.6,117.1
The La Coste National Bank,100 SOUTH FRONT,LA COSTE,TX,78039,3287,19-Feb-10,Community National Bank,29.3109798,-98.8105621,2,2010,201002,53.9,49.3
Rainier Pacific Bank,1498 PACIFIC AVENUE,TACOMA,WA,98402,38129,26-Feb-10,Umpqua Bank,47.250179,-122.438309,2,2010,201002,717.8,446.2
Carson River Community Bank,"951 JACKS VALLEY ROAD, SUITE C",CARSON CITY,NV,89705,58352,26-Feb-10,Heritage Bank of Nevada,39.1008434,-119.7779877,2,2010,201002,51.1,50
Sun American Bank,9293 GLADES ROAD,BOCA RATON,FL,33434,27126,5-Mar-10,First-Citizens Bank & Trust Company,26.3689327,-80.1914444,3,2010,201003,535.7,443.5
Centennial Bank,4605 HARRISON BOULEVARD,OGDEN,UT,84403,34430,5-Mar-10,No Acquirer,41.179192,-111.949936,3,2010,201003,215.2,205.1
Bank of Illinois,200 WEST COLLEGE AVENUE,NORMAL,IL,61761,9268,5-Mar-10,Heartland Bank and Trust Company,40.5104012,-88.9860418,3,2010,201003,211.7,198.5
Waterfield Bank,19828 Century Blvd,Germantown,MD,20874,34976,5-Mar-10,No Acquirer,39.1815242,-77.2663113,3,2010,201003,155.6,156.4
LibertyPointe Bank,120 BROADWAY,NEW YORK,NY,10271,58071,11-Mar-10,Valley National Bank,40.7086647,-74.0108753,3,2010,201003,209.7,209.5
The Park Avenue Bank,460 PARK AVENUE,NEW YORK,NY,10022,27096,12-Mar-10,Valley National Bank,40.762028,-73.970993,3,2010,201003,520.1,494.5
Old Southern Bank,250 NORTH ORANGE AVENUE,ORLANDO,FL,32801,58182,12-Mar-10,Centennial Bank,28.545473,-81.379395,3,2010,201003,315.6,319.7
Statewide Bank,2008 RONALD REAGAN HIGHWAY,COVINGTON,LA,70433,29561,12-Mar-10,Home Bank,30.4926637,-90.1266586,3,2010,201003,243.2,208.8
Advanta Bank Corp.,11850 SOUTH ELECTION ROAD,DRAPER,UT,84020,33535,19-Mar-10,No Acquirer,40.535866,-111.894363,3,2010,201003,1600,1500
Appalachian Community Bank,829 INDUSTRIAL BOULEVARD,ELLIJAY,GA,30540,33989,19-Mar-10,Community & Southern Bank,34.6856182,-84.4807226,3,2010,201003,1010,917.6
Bank of Hiawassee,20 SOUTH MAIN STREET,HIAWASSEE,GA,30546,10054,19-Mar-10,Citizens South Bank,34.9476834,-83.7560863,3,2010,201003,377.8,339.9
First Lowndes Bank,115 WEST OLD FORT ROAD,FORT DEPOSIT,AL,36032,24957,19-Mar-10,First Citizens Bank,31.9873957,-86.5793286,3,2010,201003,137.2,131.1
Century Security Bank,5955 STATE BRIDGE ROAD SUITE 100,DULUTH,GA,30097,58104,19-Mar-10,Bank of Upson,34.0117226,-84.1824265,3,2010,201003,96.5,94
American National Bank,5603 RIDGE RD,PARMA,OH,441292699,18806,19-Mar-10,The National Bank and Trust Company,41.4090919,-81.7340698,3,2010,201003,70.3,66.8
State Bank of Aurora,213 N. MAIN STREET,AURORA,MN,55705,8221,19-Mar-10,Northern State Bank,47.5292192,-92.2369509,3,2010,201003,28.2,27.8
Desert Hills Bank,3001 EAST CAMELBACK ROAD,PHOENIX,AZ,85016,57060,26-Mar-10,New York Community Bank,33.509502,-112.016434,3,2010,201003,496.6,426.5
McIntosh Commercial Bank,820 DIXIE STREET,CARROLLTON,GA,30117,57399,26-Mar-10,CharterBank,33.567928,-85.072174,3,2010,201003,362.9,343.3
Unity National Bank,"950 JOE FRANK HARRIS PARKWAY, S.E.",CARTERSVILLE,GA,30121,34678,26-Mar-10,Bank of the Ozarks,34.1856194,-84.7861023,3,2010,201003,292.2,264.3
Key West Bank,701 Whitehead Street,Key West,FL,33040,34684,26-Mar-10,Centennial Bank,24.553144,-81.802116,3,2010,201003,88,67.7
Beach First National Bank,3751 ROBERT M. GRISSOM PARKWAY SUITE 100,MYRTLE BEACH,SC,29577,34242,9-Apr-10,Bank of North Carolina,33.7236587,-78.866776,4,2010,201004,585.1,516
Riverside National Bank of Florida,2211 OKEECHOBEE ROAD,FORT PIERCE,FL,31950,24067,16-Apr-10,"TD Bank, N.A.",27.4398572,-80.346304,4,2010,201004,3420,2760
City Bank,14807 HIGHWAY 99,LYNNWOOD,WA,98087,21521,16-Apr-10,Whidbey Island Bank,47.8638344,-122.2812958,4,2010,201004,1130,1020
Tamalpais Bank,"630 LAS GALLINAS AVENUE, SECOND FLOOR",SAN RAFAEL,CA,94903,33493,16-Apr-10,"Union Bank, N.A.",38.0239983,-122.5400162,4,2010,201004,628.9,487.6
First Federal Bank of North Florida,511 St Johns Ave,Palatka,FL,32177,28886,16-Apr-10,"TD Bank, N.A.",29.646643,-81.634117,4,2010,201004,393.3,324.2
Innovative Bank,360 14TH STREET,OAKLAND,CA,94612,23876,16-Apr-10,Center Bank,37.8035413,-122.2691088,4,2010,201004,268.9,225.2
Butler Bank,10 GEORGE STREET,LOWELL,MA,1852,26619,16-Apr-10,People's United Bank,42.6422276,-71.3061639,4,2010,201004,268,233.2
AmericanFirst Bank,1060 WEST HIGHWAY 50,CLERMONT,FL,34711,57724,16-Apr-10,"TD Bank, N.A.",28.5469926,-81.739214,4,2010,201004,90.5,81.9
Lakeside Community Bank,43850 SCHOENHERR ROAD,STERLING HEIGHTS,MI,48313,34878,16-Apr-10,No Acquirer,42.616783,-82.99118,4,2010,201004,53,52.3
"Amcore Bank, National Association",501 7TH STREET,ROCKFORD,IL,61104,3735,23-Apr-10,Harris N.A.,42.2624731,-89.0808827,4,2010,201004,3800,3400
Broadway Bank,5960 NORTH BROADWAY AVENUE,CHICAGO,IL,60660,22853,23-Apr-10,"MB Financial Bank, N.A.",41.990308,-87.6603433,4,2010,201004,1200,1100
New Century Bank,363 WEST ONTARIO STREET,CHICAGO,IL,60610,34821,23-Apr-10,"MB Financial Bank, N.A.",41.892902,-87.638176,4,2010,201004,485.6,492
Wheatland Bank,2244 95TH STREET,NAPERVILLE,IL,60564,58429,23-Apr-10,Wheaton Bank & Trust,41.708786,-88.190254,4,2010,201004,437.2,438.5
Lincoln Park Savings Bank,1946 WEST IRVING PARK ROAD,CHICAGO,IL,606130000,30600,23-Apr-10,Northbrook Bank & Trust Company,41.954483,-87.6781921,4,2010,201004,199.9,171.5
Peotone Bank and Trust Company,200 WEST CORNING AVENUE,PEOTONE,IL,604688928,10888,23-Apr-10,First Midwest Bank,41.3329582,-87.7915192,4,2010,201004,130.2,127
Citizens Bank and Trust Company of Chicago,5700 NORTH CENTRAL AVENUE,CHICAGO,IL,60646,34658,23-Apr-10,Republic Bank of Chicago,41.984978,-87.768745,4,2010,201004,77.3,74.5
Frontier Bank,332 SOUTHWEST EVERETT MALL WAY,EVERETT,WA,98204,22710,30-Apr-10,"Union Bank, N.A.",47.904648,-122.238197,4,2010,201004,3500,3130
CF Bancorp,525 WATER STREET,PORT HURON,MI,480600000,30005,30-Apr-10,First Michigan Bank,42.9753171,-82.4254974,4,2010,201004,1650,1430
Champion Bank,11401 OLIVE BOULEVARD,SAINT LOUIS,MO,63141,58362,30-Apr-10,BankLiberty,38.6716766,-90.4329376,4,2010,201004,187.3,153.8
BC National Banks,1109 WEST FORT SCOTT,BUTLER,MO,64730,17792,30-Apr-10,Community First Bank,38.2570553,-94.3549599,4,2010,201004,67.2,54.9
1st Pacific Bank of California,"9333 GENESEE AVENUE, SUITE 100",SAN DIEGO,CA,92121,35517,7-May-10,City National Bank,32.8756569,-117.2138985,5,2010,201005,335.8,291.2
The Bank of Bonifay,300 NORTH WAUKESHA STREET,BONIFAY,FL,32425,14246,7-May-10,First Federal Bank of Florida,30.7951766,-85.6795064,5,2010,201005,242.9,230.2
Towne Bank of Arizona,3156 EAST BASELINE ROAD,MESA,AZ,85204,57697,7-May-10,Commerce Bank of Arizona,33.379593,-111.763123,5,2010,201005,120.2,113.2
Access Bank,11150 COMMERCE DRIVE NORTH,CHAMPLIN,MN,55316,16476,7-May-10,PrinsBank,45.157211,-93.394203,5,2010,201005,32,32
Midwest Bank and Trust Company,1606 NORTH HARLEM AVENUE,ELMWOOD PARK,IL,60707,18117,14-May-10,"FirstMerit Bank, N.A.",41.909523,-87.806625,5,2010,201005,3170,2420
Satilla Community Bank,6308 HIGHWAY 40 EAST,SAINT MARYS,GA,31558,35114,14-May-10,Ameris Bank,30.8163815,-81.5077515,5,2010,201005,135.7,134
New Liberty Bank,1333 ANN ARBOR ROAD WEST,PLYMOUTH,MI,481701238,35586,14-May-10,Bank of Ann Arbor,42.3585458,-83.4760194,5,2010,201005,109.1,101.8
Southwest Community Bank,3333 EAST BATTLEFIELD ROAD,SPRINGFIELD,MO,65804,34255,14-May-10,Simmons First National Bank,37.1581703,-93.2274934,5,2010,201005,96.6,102.5
Pinehurst Bank,757 CLEVELAND AVENUE SOUTH,SAINT PAUL,MN,55116,57735,21-May-10,Coulee Bank,44.918633,-93.188179,5,2010,201005,61.2,58.3
Bank of Florida - Southwest,1185 IMMOKALEE ROAD,NAPLES,FL,34110,35106,28-May-10,EverBank,26.2723848,-81.7962793,5,2010,201005,640.9,559.9
Bank of Florida - Southeast,200 SW 1ST AVENUE SUITE 100,FORT LAUDERDALE,FL,33301,57360,28-May-10,EverBank,26.120008,-80.144188,5,2010,201005,595.3,531.7
Sun West Bank,5830 WEST FLAMINGO ROAD,LAS VEGAS,NV,89103,34785,28-May-10,City National Bank,36.115208,-115.221214,5,2010,201005,360.7,353.9
Bank of Florida - Tampa,777 SOUTH HARBOUR ISLAND BOULEVARD SUITE 940,TAMPA,FL,33602,57814,28-May-10,EverBank,27.937611,-82.453964,5,2010,201005,245.2,224
"Granite Community Bank, NA",4100 DOUGLAS BOULEVARD,GRANITE BAY,CA,95746,57315,28-May-10,Tri Counties Bank,38.743454,-121.224625,5,2010,201005,102.9,94.2
TierOne Bank,13th And N Street,Lincoln,NE,68508,29341,4-Jun-10,Great Western Bank,40.8124501,-96.7025902,6,2010,201006,2800,2100
First National Bank,600 MAIN STREET,ROSEDALE,MS,38769,15814,4-Jun-10,The Jefferson Bank,33.8572006,-91.0277481,6,2010,201006,60.4,63.5
Arcola Homestead Savings Bank,130 EAST MAIN STREET,ARCOLA,IL,61910,31813,4-Jun-10,No Acquirer,39.6843801,-88.3076414,6,2010,201006,17,18.1
Washington First International Bank,"9709 THIRD AVENUE NORTHEAST, SUITE 110",SEATTLE,WA,98115,32955,11-Jun-10,East West Bank,47.699059,-122.326897,6,2010,201006,520.9,441.4
Nevada Security Bank,9990 DOUBLE R BOULEVARD,RENO,NV,89521,57110,18-Jun-10,Umpqua Bank,39.439457,-119.757973,6,2010,201006,480.3,479.8
Peninsula Bank,3100 SOUTH MCCALL ROAD,ENGLEWOOD,FL,34224,26563,25-Jun-10,"Premier American Bank, N.A.",26.935076,-82.305168,6,2010,201006,644.3,580.1
First National Bank,200 STEPHENSON AVENUE SUITE 100,SAVANNAH,GA,31405,34152,25-Jun-10,"The Savannah Bank, N.A.",32.0132489,-81.1109796,6,2010,201006,252.5,231.9
High Desert State Bank,"8110 VENTURA STREET, N.E.",ALBUQUERQUE,NM,87122,35279,25-Jun-10,First American Bank,35.1747881,-106.5421352,6,2010,201006,80.3,81
Home National Bank,1350 W. DOOLIN,BLACKWELL,OK,74631,11636,9-Jul-10,RCB Bank,36.8124046,-97.3004532,7,2010,201007,644.5,560.7
Bay National Bank,2328 WEST JOPPA ROAD,LUTHERVILLE,MD,21093,35462,9-Jul-10,"Bay Bank, FSB",39.418686,-76.667297,7,2010,201007,282.2,276.1
USA Bank,601 NORTH MAIN STREET,PORTCHESTER,NY,10573,58072,9-Jul-10,New Century Bank,41.0108464,-73.6559889,7,2010,201007,193.3,189.9
Ideal Federal Savings Bank,1629 Druid Hill Avenue,Baltimore,MD,21217,32456,9-Jul-10,No Acquirer,39.305161,-76.63208,7,2010,201007,6.3,5.8
First National Bank of the South,215 NORTH PINE ST,SPARTANBURG,SC,29302,35383,16-Jul-10,NAFH National Bank,34.955631,-81.922112,7,2010,201007,682,610.1
Metro Bank of Dade County,9350 SOUTH DIXIE HWY,MIAMI,FL,33156,25172,16-Jul-10,NAFH National Bank,25.683466,-80.3146973,7,2010,201007,442.3,391.3
Woodlands Bank,27 Towne Drive,Bluffton,SC,29910,32571,16-Jul-10,Bank of the Ozarks,32.270802,-80.860909,7,2010,201007,376.2,355.3
Turnberry Bank,20295 Ne 29th Place,Aventura,FL,33180,32280,16-Jul-10,NAFH National Bank,25.963129,-80.141617,7,2010,201007,263.9,196.9
Olde Cypress Community Bank,205 South W C Owen,Clewiston,FL,33440,28864,16-Jul-10,"CenterState Bank of Florida, N.A.",26.7528523,-80.9361847,7,2010,201007,168.7,162.4
"Mainstreet Savings Bank, FSB",629 West State Street,Hastings,MI,49058,28136,16-Jul-10,Commercial Bank,42.649113,-85.296455,7,2010,201007,97.4,63.7
Crescent Bank and Trust Company,251 HIGHWAY 515,JASPER,GA,30143,27559,23-Jul-10,Renasant Bank,34.4642293,-84.4577119,7,2010,201007,1010,965.7
Sterling Bank,1189 HYPOLUXO ROAD,LANTANA,FL,33462,32536,23-Jul-10,IBERIABANK,26.572626,-80.061798,7,2010,201007,407.9,372.4
Home Valley Bank,110 SOUTHWEST 4TH STREET,GRANTS PASS,OR,97526,23181,23-Jul-10,South Valley Bank & Trust,42.4396062,-123.329785,7,2010,201007,251.8,229.6
SouthwestUSA Bank,4043 SOUTH EASTERN AVENUE,LAS VEGAS,NV,89119,35434,23-Jul-10,Plaza Bank,36.116207,-115.119781,7,2010,201007,214,186.7
Williamsburg First National Bank,200 WEST MAIN STREET,KINGSTREE,SC,29556,17837,23-Jul-10,"First Citizens Bank and Trust Company, Inc.",33.6630569,-79.8335427,7,2010,201007,139.3,134.3
Community Security Bank,1100 FIRST STREET NORTHEAST,NEW PRAGUE,MN,56071,34486,23-Jul-10,Roundbank,44.544151,-93.560997,7,2010,201007,108,99.7
Thunder Bank,102 NORTH MAIN,SYLVAN GROVE,KS,67481,10506,23-Jul-10,The Bennington State Bank,39.0110967,-98.393198,7,2010,201007,32.6,28.5
LibertyBank,"355 GOODPASTURE ISLAND ROAD, SUITE 200",EUGENE,OR,97401,31964,30-Jul-10,Home Federal Bank,44.072979,-123.110641,7,2010,201007,768.2,718.5
The Cowlitz Bank,927 COMMERCE AVENUE,LONGVIEW,WA,98632,22643,30-Jul-10,Heritage Bank,46.13089,-122.937263,7,2010,201007,529.3,513.9
Coastal Community Bank,12141 PANAMA CITY BEACH,PANAMA CITY BEACH,FL,32401,9619,30-Jul-10,Centennial Bank,30.2046776,-85.8279953,7,2010,201007,372.9,363.2
Northwest Bank & Trust,3891 COBB PARKWAY,ACWORTH,GA,30101,57658,30-Jul-10,State Bank and Trust Company,34.0499992,-84.7015076,7,2010,201007,167.7,159.4
Bayside Savings Bank,202 Marina Drive,Port Saint Joe,FL,32457,57669,30-Jul-10,Centennial Bank,29.815283,-85.306236,7,2010,201007,66.1,52.4
Ravenswood Bank,2300 WEST LAWRENCE AVENUE,CHICAGO,IL,60093,34231,6-Aug-10,Northbrook Bank & Trust Company,41.9689331,-87.6866531,8,2010,201008,264.6,269.5
Palos Bank and Trust Company,12600 SOUTH HARLEM AVENUE,PALOS HEIGHTS,IL,60463,17599,13-Aug-10,First Midwest Bank,41.6625595,-87.7964406,8,2010,201008,493.4,467.8
ShoreBank,7054 SOUTH JEFFREY AVENUE,CHICAGO,IL,60649,15640,20-Aug-10,Urban Partnership Bank,41.7665558,-87.5770187,8,2010,201008,2160,1540
Los Padres Bank,610 Alamo Pintado Road,Solvang,CA,93463,32165,20-Aug-10,Pacific Western Bank,34.5997406,-120.1285411,8,2010,201008,870.4,770.7
Butte Community Bank,2041 FOREST AVENUE,CHICO,CA,95928,33219,20-Aug-10,"Rabobank, N.A.",39.723175,-121.800972,8,2010,201008,498.8,471.3
Sonoma Valley Bank,202 WEST NAPA STREET,SONOMA,CA,95476,27259,20-Aug-10,Westamerica Bank,38.292633,-122.461449,8,2010,201008,337.1,255.5
Pacific State Bank,1899 WEST MARCH LANE,STOCKTON,CA,95207,27090,20-Aug-10,"Rabobank, N.A.",37.987919,-121.329247,8,2010,201008,312.1,278.8
Independent National Bank,60 S. W. 17TH STREET,OCALA,FL,32671,27344,20-Aug-10,"CenterState Bank of Florida, N.A.",29.1705532,-82.137291,8,2010,201008,156.2,141.9
Community National Bank at Bartow,1375 NORTH BROADWAY,BARTOW,FL,33830,25266,20-Aug-10,"CenterState Bank of Florida, N.A.",27.9068928,-81.8444061,8,2010,201008,67.9,63.7
Imperial Savings and Loan Association,1 E Market Street,Martinsville,VA,24112,31623,20-Aug-10,"River Community Bank, N.A.",36.6887885,-79.8742352,8,2010,201008,9.4,10.1
Horizon Bank,900 53RD AVENUE EAST,BRADENTON,FL,34203,35061,10-Sep-10,Bank of the Ozarks,27.4470978,-82.5544891,9,2010,201009,187.8,164.6
The Peoples Bank,71 N BROAD STREET,WINDER,GA,30680,182,17-Sep-10,Community & Southern Bank,33.992767,-83.719757,9,2010,201009,447.2,398.2
Maritime Savings Bank,10427 WEST LINCOLN AVENUE,WEST ALLIS,WI,532271261,28612,17-Sep-10,"North Shore Bank, FSB",43.0024919,-88.0422107,9,2010,201009,350.5,248.1
First Commerce Community Bank,9001 HOSPITAL DRIVE,DOUGLASVILLE,GA,30134,57448,17-Sep-10,Community & Southern Bank,33.738502,-84.7332546,9,2010,201009,248.2,242.8
Bank of Ellijay,134 INDUSTRIAL BOULEVARD,ELLIJAY,GA,30540,58197,17-Sep-10,Community & Southern Bank,34.6834993,-84.4907688,9,2010,201009,168.8,160.7
ISN Bank,457 HADDONFIELD ROAD SUITE 100,CHERRY HILL,NJ,8002,57107,17-Sep-10,Customers Bank,39.936436,-75.031204,9,2010,201009,81.6,79.7
Bramble Savings Bank,954 STATE ROUTE 28,MILFORD,OH,45150,27808,17-Sep-10,Foundation Bank,39.1922569,-84.2502213,9,2010,201009,47.5,41.6
North County Bank,16419 SMOKEY POINT BOULEVARD,ARLINGTON,WA,98223,35053,24-Sep-10,Whidbey Island Bank,48.145905,-122.182426,9,2010,201009,288.8,276.1
Haven Trust Bank Florida,212 PONTE VEDRA PARK DRIVE,PONTE VEDRA BEACH,FL,32082,58308,24-Sep-10,First Southern Bank,30.2470002,-81.3886788,9,2010,201009,148.6,133.6
Wakulla Bank,2932 CRAWFORDVILLE HIGHWAY,CRAWFORDVILLE,FL,32327,21777,1-Oct-10,Centennial Bank,30.180813,-84.375557,10,2010,201010,424.1,386.3
Shoreline Bank,16001 AURORA AVENUE NORTH,SHORELINE,WA,98133,35250,1-Oct-10,GBC International Bank,47.745274,-122.345955,10,2010,201010,104.2,100.2
Premier Bank,815 WEST STADIUM BOULEVARD,JEFFERSON CITY,MO,65109,34016,15-Oct-10,Providence Bank,38.576225,-92.214935,10,2010,201010,1180,1030
"Security Savings Bank, F.S.B.",11599 Ridgeview,Olathe,KS,66061,30898,15-Oct-10,Simmons First National Bank,38.9183502,-94.7963409,10,2010,201010,508.4,397
WestBridge Bank and Trust Company,17280 NORTH OUTER 40 ROAD,CHESTERFIELD,MO,63005,58205,15-Oct-10,Midland States Bank,38.671406,-90.597008,10,2010,201010,91.5,72.5
Hillcrest Bank,11111 WEST 95TH STREET,OVERLAND PARK,KS,66214,22173,22-Oct-10,"Hillcrest Bank, N.A.",38.95583,-94.715675,10,2010,201010,1650,1540
"First Arizona Savings, A FSB","17015 North Scottsdale Road, Suite 150",Scottsdale,AZ,85255,32582,22-Oct-10,No Acquirer,33.639832,-111.923904,10,2010,201010,272.2,198.8
First Suburban National Bank,150 SOUTH 5TH AVENUE,MAYWOOD,IL,60153,16089,22-Oct-10,Seaway Bank and Trust Company,41.886482,-87.839516,10,2010,201010,148.7,140
The First National Bank of Barnesville,315 THOMASTON ST,BARNESVILLE,GA,30204,2119,22-Oct-10,United Bank,33.0532171,-84.1559614,10,2010,201010,131.4,127.1
Progress Bank of Florida,5537 SHELDON ROAD SUITE D,TAMPA,FL,33615,32251,22-Oct-10,Bay Cities Bank,27.998852,-82.582542,10,2010,201010,110.7,101.3
First Bank of Jacksonville,11100 SAN JOSE BLVD,JACKSONVILLE,FL,32223,27573,22-Oct-10,Ameris Bank,30.174837,-81.628685,10,2010,201010,81,77.3
The Gordon Bank,280 MILLEDGEVILLE HIGHWAY,GORDON,GA,31031,33904,22-Oct-10,Morris Bank,32.8823496,-83.3339401,10,2010,201010,29.4,26.7
K Bank,11407 CRONHILL DRIVE,OWINGS MILLS,MD,21117,31263,5-Nov-10,Manufacturers and Traders Trust Company (M&T Bank),39.439595,-76.7747898,11,2010,201011,538.3,500.1
Pierce Commercial Bank,1722 SOUTH UNION AVENUE,TACOMA,WA,98405,34411,5-Nov-10,Heritage Bank,47.244404,-122.483353,11,2010,201011,221.1,193.5
Western Commercial Bank,"21550 OXNARD STREET, SUITE 100",WOODLAND HILLS,CA,91367,58087,5-Nov-10,First California Bank,34.178726,-118.599678,11,2010,201011,98.6,101.1
First Vietnamese American Bank,8990 WESTMINSTER BOULEVARD,WESTMINSTER,CA,92683,57885,5-Nov-10,Grandpoint Bank,33.759087,-117.972771,11,2010,201011,48,47
Darby Bank & Trust Co.,300 EAST FIRST STREET,VIDALIA,GA,30474,14580,12-Nov-10,Ameris Bank,32.2163276,-82.4101418,11,2010,201011,654.7,587.6
Copper Star Bank,7555 EAST REDFIELD ROAD,SCOTTSDALE,AZ,85260,35463,12-Nov-10,"Stearns Bank, N.A.",33.612247,-111.920647,11,2010,201011,204,190.2
Tifton Banking Company,729 WEST SECOND STREET,TIFTON,GA,31794,57831,12-Nov-10,Ameris Bank,31.4578512,-83.523398,11,2010,201011,143.7,141.6
First Banking Center,400 MILWAUKEE AVENUE,BURLINGTON,WI,531051234,5287,19-Nov-10,First Michigan Bank,42.6787148,-88.2787018,11,2010,201011,750.7,664.8
Gulf State Community Bank,206 SAINT JAMES AVENUE,CARRABELLE,FL,32322,20340,19-Nov-10,Centennial Bank,29.8515701,-84.6656723,11,2010,201011,112.1,112.2
Allegiance Bank of North America,ONE BELMONT AVENUE,BALA CYNWYD,PA,19004,35078,19-Nov-10,VIST Bank,40.0051651,-75.2205124,11,2010,201011,106.6,92
Paramount Bank,"31000 NORTHWESTERN HIGHWAY, SUITE 200",FARMINGTON HILLS,MI,48334,34673,10-Dec-10,Level One Bank,42.515148,-83.332138,12,2010,201012,252.7,213.6
Earthstar Bank,376 SECOND STREET PIKE,SOUTHAMPTON,PA,18966,35561,10-Dec-10,Polonia Bank,40.1671743,-75.0459646,12,2010,201012,112.6,104.5
"The Bank of Miami,N.A.",121 ALHAMBRA PLAZA,CORAL GABLES,FL,33134,19040,17-Dec-10,1st United Bank,25.752619,-80.257202,12,2010,201012,448.2,374.2
Chestatee State Bank,6639 HIGHWAY 53 EAST,DAWSONVILLE,GA,30534,34578,17-Dec-10,Bank of the Ozarks,34.3615671,-84.0344305,12,2010,201012,244.4,240.5
"United Americas Bank, N.A.",3789 ROSWELL ROAD,ATLANTA,GA,30342,35065,17-Dec-10,State Bank and Trust Company,33.858223,-84.380661,12,2010,201012,242.3,193.8
First Southern Bank,1583 ST. LOUIS STREET,BATESVILLE,AR,72501,58052,17-Dec-10,Southern Bank,35.7636121,-91.6412095,12,2010,201012,191.8,155.8
"Appalachian Community Bank, FSB",109 Blue Ridge Drive,McCaysville,GA,30555,58495,17-Dec-10,Peoples Bank of East Tennessee,34.9868879,-84.3711819,12,2010,201012,68.2,76.4
Community National Bank,7641 LAKE DRIVE,LINO LAKES,MN,55014,23306,17-Dec-10,Farmers & Merchants Savings Bank,45.183769,-93.111336,12,2010,201012,31.6,28.8
First Commercial Bank of Florida,945 SOUTH ORANGE AVENUE,ORLANDO,FL,32806,34965,7-Jan-11,First Southern Bank,28.529593,-81.376076,1,2011,201101,598.5,529.6
Legacy Bank,15100 NORTH 78TH WAY,SCOTTSDALE,AZ,85260,57820,7-Jan-11,Enterprise Bank & Trust,33.623543,-111.906822,1,2011,201101,150.6,125.9
Oglethorpe Bank,3344 CYPRESS MILL ROAD,BRUNSWICK,GA,31520,57440,14-Jan-11,Bank of the Ozarks,31.193277,-81.478859,1,2011,201101,230.6,212.7
United Western Bank,"700 17th Street, Suite 100",Denver,CO,80202,31293,21-Jan-11,First-Citizens Bank & Trust Company,39.746124,-104.991455,1,2011,201101,2050,1650
CommunitySouth Bank & Trust,6602 CALHOUN MEMORIAL HIGHWAY,EASLEY,SC,29640,57868,21-Jan-11,"CertusBank, National Association",34.8215251,-82.5879655,1,2011,201101,440.6,402.4
The Bank of Asheville,79 WOODFIN PLACE,ASHEVILLE,NC,28801,34516,21-Jan-11,First Bank,35.599373,-82.544861,1,2011,201101,195.1,188.3
Enterprise Banking Company,2097 HIGHWAY 20 WEST,MCDONOUGH,GA,30253,19758,21-Jan-11,No Acquirer,33.412121,-84.198616,1,2011,201101,100.9,95.5
First Community Bank,120 WEST PLAZA,TAOS,NM,87571,12261,28-Jan-11,"U.S. Bank, N.A.",36.4076252,-105.5748716,1,2011,201101,2310,1940
FirsTier Bank,980 DILLON ROAD,LOUISVILLE,CO,80027,57646,28-Jan-11,No Acquirer,39.9593997,-105.1640148,1,2011,201101,781.5,722.8
Evergreen State Bank,207 SOUTH FORREST STREET,STOUGHTON,WI,535890427,5328,28-Jan-11,McFarland State Bank,42.9174004,-89.21875,1,2011,201101,246.5,195.2
The First State Bank,MAIN AND BROADWAY STREET,CAMARGO,OK,73835,2303,28-Jan-11,Bank 7,36.0173799,-99.2893602,1,2011,201101,43.5,40.3
American Trust Bank,880 HOLCOMB BRIDGE ROAD BUILDING C,ROSWELL,GA,30076,57432,4-Feb-11,Renasant Bank,34.029938,-84.335419,2,2011,201102,238.2,222.2
North Georgia Bank,7911 MACON HIGHWAY,WATKINSVILLE,GA,30677,35242,4-Feb-11,BankSouth,33.8871117,-83.4146347,2,2011,201102,153.2,139.7
Community First Bank Chicago,7555 NORTH WESTERN AVENUE,CHICAGO,IL,60645,57948,4-Feb-11,Northbrook Bank & Trust Company,42.018917,-87.689781,2,2011,201102,51.1,49.5
Peoples State Bank,9252 JOSEPH CAMPAU AVENUE,HAMTRAMCK,MI,48212,14939,11-Feb-11,First Michigan Bank,42.3933937,-83.0555,2,2011,201102,390.5,389.9
Canyon National Bank,1711 EAST PALM CANYON DRIVE,PALM SPRINGS,CA,92264,34692,11-Feb-11,Pacific Premier Bank,33.800919,-116.527718,2,2011,201102,210.9,205.3
Sunshine State Community Bank,4777 CLYDE MORRIS BOULEVARD,PORT ORANGE,FL,32129,35478,11-Feb-11,"Premier American Bank, N.A.",29.1210308,-81.0234985,2,2011,201102,125.5,116.7
Badger State Bank,201 EAST AMEILA STREET,CASSVILLE,WI,53806,13272,11-Feb-11,Royal Bank,42.713797,-90.9895226,2,2011,201102,83.8,78.5
Habersham Bank,1151 WASHINGTON STREET,CLARKESVILLE,GA,30523,151,18-Feb-11,SCBT National Association,34.6125298,-83.5237961,2,2011,201102,387.6,339.9
"San Luis Trust Bank, FSB",1001 Marsh Street,San Luis Obispo,CA,93401,34783,18-Feb-11,First California Bank,35.280289,-120.65963,2,2011,201102,332.6,272.2
Citizens Bank of Effingham,802 SOUTH LAUREL STREET,SPRINGFIELD,GA,31329,34601,18-Feb-11,Heritage Bank of the South,32.362415,-81.30703,2,2011,201102,214.3,206.5
Charter Oak Bank,600 TRANCAS STREET,NAPA,CA,94558,57855,18-Feb-11,Bank of Marin,38.32515,-122.28476,2,2011,201102,120.8,105.3
Valley Community Bank,620 EAST MAIN STREET,SAINT CHARLES,IL,60174,34187,25-Feb-11,First State Bank,41.9146905,-88.3075342,2,2011,201102,123.8,124.2
Legacy Bank,2102 WEST FOND DU LAC AVENUE,MILWAUKEE,WI,53206,34818,11-Mar-11,Seaway Bank and Trust Company,43.061073,-87.939148,3,2011,201103,190.4,183.3
First National Bank of Davis,227 EAST MAIN STREET,DAVIS,OK,73030,4077,11-Mar-11,The Pauls Valley National Bank,34.5043297,-97.1203966,3,2011,201103,90.2,68.3
The Bank of Commerce,171 EAST IRVING PARK ROAD,WOOD DALE,IL,60191,34292,25-Mar-11,Advantage National Bank Group,41.963291,-87.975388,3,2011,201103,163.1,161.4
Western Springs National Bank and Trust,4456 WOLF ROAD,WESTERN SPRINGS,IL,60558,10086,8-Apr-11,Heartland Bank and Trust Company,41.808353,-87.89904,4,2011,201104,186.8,181.9
Nevada Commerce Bank,"6795 EDMOND STREET, SUITE 160",LAS VEGAS,NV,89118,35418,8-Apr-11,City National Bank,36.0660654,-115.2120526,4,2011,201104,144.9,136.4
Superior Bank,17 20th Street North,Birmingham,AL,35203,17750,15-Apr-11,"Superior Bank, National Association",33.5134218,-86.8049084,4,2011,201104,3000,2700
Nexity Bank,3680 GRANDVIEW PARKWAY SUITE 200,BIRMINGHAM,AL,35243,19794,15-Apr-11,AloStar Bank of Commerce,33.4337186,-86.7197261,4,2011,201104,793.7,637.8
Bartow County Bank,301 E CHURCH ST,CARTERSVILLE,GA,30120,21495,15-Apr-11,Hamilton State Bank,34.1681108,-84.7914954,4,2011,201104,330.2,304.1
Heritage Banking Group,114 S. PEARL ST.,CARTHAGE,MS,39051,14273,15-Apr-11,Trustmark National Bank,32.736591,-89.534218,4,2011,201104,224,196.2
New Horizons Bank,489 HIGHLAND CROSSING,EAST ELLIJAY,GA,30540,57705,15-Apr-11,Citizens South Bank,34.6622099,-84.4877239,4,2011,201104,110.7,106.1
Rosemount National Bank,15055 CHIPPENDALE AVE.,ROSEMOUNT,MN,55068,24099,15-Apr-11,Central Bank,44.7307358,-93.1375656,4,2011,201104,37.6,36.6
The Park Avenue Bank,3102 NORTH OAK STREET EXTENSION,VALDOSTA,GA,31602,19797,29-Apr-11,Bank of the Ozarks,30.8767097,-83.2919555,4,2011,201104,953.3,827.7
Community Central Bank,100 NORTH MAIN STREET,MOUNT CLEMENS,MI,48043,34234,29-Apr-11,Talmer Bank & Trust,42.5996628,-82.8758469,4,2011,201104,476.3,385.4
First National Bank of Central Florida,369 NORTH NEW YORK AVENUE,WINTER PARK,FL,32789,26297,29-Apr-11,"Florida Community Bank, a division of Premier American Bank, N.A.",28.600201,-81.353058,4,2011,201104,352,312.1
First Choice Community Bank,68 FIRST NATIONAL DRIVE,DALLAS,GA,30157,58539,29-Apr-11,Bank of the Ozarks,33.9172287,-84.7678604,4,2011,201104,308.5,310
Cortez Community Bank,1000 SOUTH BROAD STREET,BROOKSVILLE,FL,34601,57625,29-Apr-11,"Florida Community Bank, a division of Premier American Bank, N.A.",28.544836,-82.401886,4,2011,201104,70.9,61.4
Coastal Bank,1701 North Atlantic Avenue,Cocoa Beach,FL,32931,34898,6-May-11,"Florida Community Bank, a division of Premier American Bank, N.A.",28.340874,-80.610512,5,2011,201105,129.4,123.9
Atlantic Southern Bank,4077 FORSYTH ROAD,MACON,GA,31210,57213,20-May-11,"CertusBank, National Association",32.865452,-83.692078,5,2011,201105,741.9,707.6
First Georgia Banking Company,101 MAIN STREET,FRANKLIN,GA,30217,57647,20-May-11,"CertusBank, National Association",33.2802051,-85.0981557,5,2011,201105,731,702.2
Summit Bank,723 HAGGEN DRIVE,BURLINGTON,WA,98233,513,20-May-11,Columbia State Bank,48.470371,-122.33709,5,2011,201105,142.7,131.6
First Heritage Bank,167 LINCOLN AVENUE,SNOHOMISH,WA,98290,23626,27-May-11,Columbia State Bank,47.9117075,-122.0873972,5,2011,201105,173.5,163.3
Atlantic Bank and Trust,152 East Bay Street,Charleston,SC,29401,58420,3-Jun-11,"First Citizens Bank and Trust Company, Inc.",32.777992,-79.926712,6,2011,201106,208.2,191.6
McIntosh State Bank,210 S OAK ST,JACKSON,GA,30233,19237,17-Jun-11,Hamilton State Bank,33.2934699,-83.9673787,6,2011,201106,339.9,324.4
First Commercial Bank of Tampa Bay,4600 WEST KENNEDY BLVD,TAMPA,FL,33609,27583,17-Jun-11,Stonegate Bank,27.944473,-82.522469,6,2011,201106,98.6,92.6
Mountain Heritage Bank,550 HIGHWAY 441 SOUTH,CLAYTON,GA,30525,57593,24-Jun-11,First American Bank and Trust Company,34.8702172,-83.400703,6,2011,201106,103.7,89.6
First Chicago Bank & Trust,1040 WEST RANDOLPH STREET,CHICAGO,IL,60607,27935,8-Jul-11,Northbrook Bank & Trust Company,41.884842,-87.653656,7,2011,201107,959.3,887.5
Colorado Capital Bank,7505 VILLAGE SQUARE DRIVE SUITE 101,CASTLE ROCK,CO,80108,34522,8-Jul-11,First-Citizens Bank & Trust Company,39.471508,-104.8786011,7,2011,201107,717.5,672.8
Signature Bank,355 EASTMAN PARK DRIVE,WINDSOR,CO,80550,57835,8-Jul-11,Points West Community Bank,40.464546,-104.889992,7,2011,201107,66.7,64.5
First Peoples Bank,1301 SOUTHEAST PORT SAINT LUCIE BLVD.,PORT SAINT LUCIE,FL,34952,34870,15-Jul-11,"Premier American Bank, N.A.",27.271603,-80.311394,7,2011,201107,228.3,209.7
High Trust Bank,280 COUNTRY CLUB DRIVE,STOCKBRIDGE,GA,30281,19554,15-Jul-11,Ameris Bank,33.508438,-84.221947,7,2011,201107,192.5,189.5
One Georgia Bank,1180 PEACHTREE STREET SUITE 2610,ATLANTA,GA,30309,58238,15-Jul-11,Ameris Bank,33.7868033,-84.3832572,7,2011,201107,186.3,162.1
Summit Bank,201 NORTH MONTEZUMA STREET,PRESCOTT,AZ,86301,57442,15-Jul-11,The Foothills Bank,34.5439868,-112.4700444,7,2011,201107,72,66.4
Bank of Choice,3780 WEST 10TH STREET,GREELEY,CO,80634,2994,22-Jul-11,"Bank Midwest, N.A.",40.421638,-104.741867,7,2011,201107,1070,924.9
LandMark Bank of Florida,544 SOUTH WASHINGTON BOULEVARD,SARASOTA,FL,34236,35244,22-Jul-11,American Momentum Bank,27.331726,-82.531456,7,2011,201107,275,246.7
Southshore Community Bank,5998 U.S. HIGHWAY 41 NORTH SUITE A,APOLLO BEACH,FL,33572,58056,22-Jul-11,American Momentum Bank,27.763277,-82.396973,7,2011,201107,46.3,45.3
Integra Bank National Association,21 SOUTHEAST THIRD STREET,EVANSVILLE,IN,47708,4392,29-Jul-11,Old National Bank,37.970123,-87.57222,7,2011,201107,2200,1900
"BankMeridian, N.A.",1320 MAIN STREET,COLUMBIA,SC,29201,58222,29-Jul-11,SCBT National Association,34.0029518,-81.0342564,7,2011,201107,239.8,215.5
Virginia Business Bank,"9020 STONY POINT PARKWAY, SUITE 225",RICHMOND,VA,23235,58283,29-Jul-11,Xenith Bank,37.554119,-77.568436,7,2011,201107,95.8,85
Bank of Whitman,201 SOUTH MAIN STREET,COLFAX,WA,99111,22528,5-Aug-11,Columbia State Bank,46.8797611,-117.3647017,8,2011,201108,548.6,515.7
Bank of Shorewood,700 WEST JEFFERSON STREET,SHOREWOOD,IL,60404,22637,5-Aug-11,Heartland Bank and Trust Company,41.52293,-88.204758,8,2011,201108,110.7,104
The First National Bank of Olathe,444 EAST SANTA FE,OLATHE,KS,66061,4744,12-Aug-11,Enterprise Bank & Trust,38.8843536,-94.8132248,8,2011,201108,538.1,524.3
Public Savings Bank,2755 PHILMONT AVENUE,HUNTINGDON VALLEY,PA,19006,34130,18-Aug-11,"Capital Bank, N.A.",40.1218376,-75.0478058,8,2011,201108,46.8,45.8
Lydian Private Bank,180 Royal Palm Way,Palm Beach,FL,33480,35356,19-Aug-11,"Sabadell United Bank, N.A.",26.705202,-80.036163,8,2011,201108,1700,1240
First Southern National Bank,201 SOUTH MAIN STREET,STATESBORO,GA,30458,57239,19-Aug-11,Heritage Bank of the South,32.4447594,-81.7844315,8,2011,201108,164.6,159.7
First Choice Bank,1900 WEST STATE STREET,GENEVA,IL,60134,57212,19-Aug-11,Inland Bank & Trust,41.8970134,-88.3307286,8,2011,201108,141,137.2
Patriot Bank of Georgia,2555 PEACHTREE PARKWAY SUITE 270,CUMMING,GA,30041,58273,2-Sep-11,Georgia Commerce Bank,34.0983238,-84.1765289,9,2011,201109,150.8,111.2
CreekSide Bank,10917 HIGHWAY 92 SUITE 130,WOODSTOCK,GA,30188,58226,2-Sep-11,Georgia Commerce Bank,34.087112,-84.505501,9,2011,201109,102.3,96.6
The First National Bank of Florida,"428 CAROLINE STREET, S.W.",MILTON,FL,32572,25155,9-Sep-11,CharterBank,30.6168785,-87.0519257,9,2011,201109,296.8,280.1
Bank of the Commonwealth,403 BOUSH STREET,NORFOLK,VA,23510,20408,23-Sep-11,Southern Bank and Trust Company,36.852272,-76.291237,9,2011,201109,985.1,901.8
Citizens Bank of Northern California,"305 RAILROAD AVENUE, SUITE 1",NEVADA CITY,CA,95959,33983,23-Sep-11,Tri Counties Bank,39.259296,-121.017311,9,2011,201109,288.8,253.1
First International Bank,"1912 AVENUE K, SUITE 100",PLANO,TX,75074,33513,30-Sep-11,American First National Bank,33.026722,-96.698212,9,2011,201109,239.9,208.8
The RiverBank,26777 FALLBROOK AVENUE,WYOMING,MN,55092,10216,7-Oct-11,Central Bank,45.336838,-93.000671,10,2011,201110,417.4,379.3
Sun Security Bank,400 EAST WALNUT,ELLINGTON,MO,63638,20115,7-Oct-11,Great Southern Bank,37.242794,-90.9553452,10,2011,201110,355.9,290.4
First State Bank,16 COMMERCE DRIVE,CRANFORD,NJ,7016,58046,14-Oct-11,Northfield Bank,40.64558,-74.286583,10,2011,201110,204.4,201.2
Piedmont Community Bank,110 BILL CONN PARKWAY,GRAY,GA,31032,57256,14-Oct-11,State Bank and Trust Company,33.0039711,-83.5470591,10,2011,201110,201.7,181.4
Country Bank,1308 SOUTHEAST 4TH STREET,ALEDO,IL,61231,35395,14-Oct-11,Blackhawk Bank & Trust,41.1987787,-90.7344948,10,2011,201110,190.6,167.5
"Blue Ridge Savings Bank, Inc.",20 SOUTH PACK SQUARE,ASHEVILLE,NC,28801,32347,14-Oct-11,Bank of North Carolina,35.5950802,-82.5507921,10,2011,201110,161,158.7
Community Banks of Colorado,5570 DTC PARKWAY,GREENWOOD VILLAGE,CO,80111,21132,21-Oct-11,"Bank Midwest, N.A.",39.61618,-104.893654,10,2011,201110,1380,1330
Old Harbor Bank,"2605 ENTERPRISE ROAD EAST, SUITE 100",CLEARWATER,FL,33759,57537,21-Oct-11,1st United Bank,28.009922,-82.728279,10,2011,201110,215.9,217.8
Decatur First Bank,1120 COMMERCE DRIVE,DECATUR,GA,30030,34392,21-Oct-11,Fidelity Bank,33.777081,-84.299095,10,2011,201110,191.5,179.2
Community Capital Bank,2236 MT. ZION ROAD,JONESBORO,GA,30236,57036,21-Oct-11,State Bank and Trust Company,33.5593491,-84.3179092,10,2011,201110,181.2,166.2
All American Bank,9380 WEST BALLARD ROAD,DES PLAINES,IL,600164904,57759,28-Oct-11,International Bank of Chicago,42.0432964,-87.8595335,10,2011,201110,37.8,33.4
SunFirst Bank,120 EAST SAINT GEORGE BOULEVARD,SAINT GEORGE,UT,84770,57087,4-Nov-11,Cache Valley Bank,37.10979,-113.5806023,11,2011,201111,198.1,169.1
"Mid City Bank, Inc.",304 SOUTH 42ND STREET,OMAHA,NE,68131,19397,4-Nov-11,Premier Bank,41.257542,-95.976051,11,2011,201111,106.1,105.5
Community Bank of Rockmart,1400 NATHAN DEAN PARKWAY,ROCKMART,GA,30153,57860,10-Nov-11,Century Bank of Georgia,33.9663696,-84.995079,11,2011,201111,62.4,55.9
Central Progressive Bank,29092 KRENTEL ROAD,LACOMBE,LA,70445,19657,18-Nov-11,First NBC Bank,30.356036,-89.9182966,11,2011,201111,383.1,347.7
Polk County Bank,5601 MERLE HAY ROAD,JOHNSTON,IA,50131,14194,18-Nov-11,Grinnell State Bank,41.662521,-93.696983,11,2011,201111,91.6,82
Western National Bank,"2525 EAST CAMELBACK ROAD, SUITE 100",PHOENIX,AZ,85016,57917,16-Dec-11,Washington Federal,33.508739,-112.027138,12,2011,201112,162.9,144.5
Premier Community Bank of the Emerald Coast,345 EAST JAMES LEE BOULEVARD,CRESTVIEW,FL,32539,58343,16-Dec-11,Summit Bank,30.7616844,-86.5692062,12,2011,201112,126,112.1
The First State Bank,P O BOX 928,STOCKBRIDGE,GA,30281,19252,20-Jan-12,Hamilton State Bank,33.5551491,-84.1874695,1,2012,201201,536.9,527.5
Central Florida State Bank,11800 SOUTH U.S. HWY 441,BELLEVIEW,FL,34420,57186,20-Jan-12,"CenterState Bank of Florida, N.A.",29.050995,-82.03878,1,2012,201201,79.1,77.7
American Eagle Savings Bank,3915 Chichester Avenue,Boothwyn,PA,19061,31581,20-Jan-12,"Capital Bank, N.A.",39.843723,-75.443443,1,2012,201201,19.6,17.7
Tennessee Commerce Bank,381 MALLORY STATION ROAD SUITE 207,FRANKLIN,TN,37067,35296,27-Jan-12,Republic Bank & Trust Company,35.952194,-86.822044,1,2012,201201,1185,1156
First Guaranty Bank and Trust Company of Jacksonville,1234 KING STREET,JACKSONVILLE,FL,32204,16579,27-Jan-12,"CenterState Bank of Florida, N.A.",30.3116957,-81.6945431,1,2012,201201,377.9,349.5
BankEast,607 MARKET STREET,KNOXVILLE,TN,37902,19869,27-Jan-12,"U.S. Bank, N.A.",35.963539,-83.918938,1,2012,201201,272.6,268.8
Patriot Bank Minnesota,19810 HEADWATERS BOULEVARD,FOREST LAKE,MN,55025,34823,27-Jan-12,First Resource Bank,45.2364763,-92.986106,1,2012,201201,111.3,108.3
SCB Bank,29 E Washington Street,Shelbyville,IN,46176,29761,10-Feb-12,"First Merchants Bank, National Association",39.524036,-85.776146,2,2012,201202,182.6,171.6
Charter National Bank and Trust,2200 WEST HIGGINS ROAD,HOFFMAN ESTATES,IL,60169,23187,10-Feb-12,"Barrington Bank & Trust Company, National Association",42.056828,-88.133736,2,2012,201202,93.9,89.5
Home Savings of America,35 East Broadway,Little Falls,MN,56345,29178,24-Feb-12,No Acquirer,45.9771156,-94.365181,2,2012,201202,434.1,432.2
Central Bank of Georgia,285 SOUTH BROAD STREET,ELLAVILLE,GA,31806,5687,24-Feb-12,Ameris Bank,32.2340684,-84.308734,2,2012,201202,278.9,266.6
Global Commerce Bank,5150 BUFORD HIGHWAY,DORAVILLE,GA,30340,34046,2-Mar-12,Metro City Bank,33.89254,-84.28524,3,2012,201203,143.7,116.8
New City Bank,900 SOUTH MICHIGAN AVENUE,CHICAGO,IL,60605,57597,9-Mar-12,No Acquirer,41.870361,-87.624878,3,2012,201203,71.2,72.4
Premier Bank,1210 CENTRAL AVENUE,WILMETTE,IL,60091,35419,23-Mar-12,International Bank of Chicago,42.076508,-87.709663,3,2012,201203,268.7,199
Covenant Bank & Trust,122 HIGHWAY 95,ROCK SPRING,GA,30739,58068,23-Mar-12,"Stearns Bank, N.A.",34.8190098,-85.2393452,3,2012,201203,95.7,90.6
Fidelity Bank,22290 MICHIGAN AVENUE,DEARBORN,MI,48124,33883,30-Mar-12,The Huntington National Bank,42.3050022,-83.2493842,3,2012,201203,818.2,747.6
"Fort Lee Federal Savings Bank, FSB",817 Abbott Blvd,Fort Lee,NJ,7024,35527,20-Apr-12,Alma Bank,40.8313275,-73.9827497,4,2012,201204,51.9,50.7
Plantation Federal Bank,11039 Ocean Highway,Pawleys Island,SC,29585,32503,27-Apr-12,First Federal Bank,33.445126,-79.1226574,4,2012,201204,486.4,440.5
"Inter Savings Bank, fsb D/B/A InterBank, fsb","13601 80th Circle North, Suite 100",Maple Grove,MN,55369,31495,27-Apr-12,Great Southern Bank,45.099926,-93.453278,4,2012,201204,481.6,473
Bank of the Eastern Shore,301 CRUSADER ROAD,CAMBRIDGE,MD,21613,26759,27-Apr-12,No Acquirer,38.5653263,-76.06221,4,2012,201204,166.7,154.5
HarVest Bank of Maryland,9707 MEDICAL CENTER DRIVE SUITE 150,ROCKVILLE,MD,20850,57766,27-Apr-12,Sonabank,39.0993796,-77.1951811,4,2012,201204,164.3,145.5
Palm Desert National Bank,73-745 EL PASEO,PALM DESERT,CA,92260,23632,27-Apr-12,Pacific Premier Bank,33.7197418,-116.3973465,4,2012,201204,125.8,122.8
"Security Bank, National Association",1450 SOUTH STATE ROAD 7,NORTH LAUDERDALE,FL,33068,23156,4-May-12,Banesco USA,26.21067,-80.203583,5,2012,201205,101,99.1
"Alabama Trust Bank, National Association",101 WEST FORT WILLIAMS STREET,SYLACAUGA,AL,35150,35224,18-May-12,Southern States Bank,33.1672653,-86.2524638,5,2012,201205,51.6,45.1
Waccamaw Bank,110 NORTH J.K. POWELL BLVD,WHITEVILLE,NC,28472,34515,8-Jun-12,First Community Bank,34.329967,-78.707275,6,2012,201206,533.1,472.7
Carolina Federal Savings Bank,"4 Carriage Lane, Suite 101",Charleston,SC,29407,35372,8-Jun-12,Bank of North Carolina,32.797558,-79.996445,6,2012,201206,54.4,53.1
First Capital Bank,601 SOUTH MAIN STREET,KINGFISHER,OK,73750,416,8-Jun-12,F & M Bank,35.855353,-97.9325822,6,2012,201206,46.1,44.8
Farmers' and Traders' State Bank,203 W COMANCHE AVENUE,SHABBONA,IL,60550,9257,8-Jun-12,First State Bank,41.7679448,-88.8737646,6,2012,201206,43.1,42.3
Putnam State Bank,350 STATE ROAD 19 NORTH,PALATKA,FL,32077,27405,15-Jun-12,Harbor Community Bank,29.6518459,-81.6729965,6,2012,201206,169.5,160
The Farmers Bank of Lynchburg,"71 MECHANIC STREET, SOUTH",LYNCHBURG,TN,37352,1690,15-Jun-12,Clayton Bank and Trust,35.2829132,-86.3726273,6,2012,201206,163.9,156.4
Security Exchange Bank,833 SOUTH COBB DRIVE,MARIETTA,GA,30060,35299,15-Jun-12,Fidelity Bank,33.932076,-84.547234,6,2012,201206,151,147.9
Montgomery Bank & Trust,125 SOUTH LEE STREET,AILEY,GA,30410,19498,6-Jul-12,Ameris Bank,32.1862011,-82.5652821,7,2012,201207,173.6,164.4
Glasgow Savings Bank,601 1ST STREET,GLASGOW,MO,65254,1056,13-Jul-12,Regional Missouri Bank,39.226574,-92.847275,7,2012,201207,24.8,24.2
First Cherokee State Bank,9860 HIGHWAY 92,WOODSTOCK,GA,30188,32711,20-Jul-12,Community & Southern Bank,34.085571,-84.524788,7,2012,201207,222.7,193.3
Second Federal Savings and Loan Association of Chicago,3960 W 26th St,Chicago,IL,60623,27986,20-Jul-12,Hinsdale Bank & Trust Company,41.844559,-87.724327,7,2012,201207,199.1,175.9
Georgia Trust Bank,2725 MALL OF GEORGIA BOULEVARD,BUFORD,GA,30519,57847,20-Jul-12,Community & Southern Bank,34.0660239,-83.9741787,7,2012,201207,119.8,117.4
Heartland Bank,4801 TOWN CENTER DRIVE,LEAWOOD,KS,66211,1361,20-Jul-12,Metcalf Bank,38.916142,-94.641403,7,2012,201207,110,102.6
The Royal Palm Bank of Florida,1255 CREEKSIDE PARKWAY,NAPLES,FL,34108,57096,20-Jul-12,First National Bank of the Gulf Coast,26.2711698,-81.7926583,7,2012,201207,87,85.1
Jasper Banking Company,100 MARK WHITFIELD STREET,JASPER,GA,30143,16240,27-Jul-12,Stearns Bank N.A.,34.46891,-84.431587,7,2012,201207,216.7,213.1
Waukegan Savings Bank,1324 GOLF ROAD,WAUKEGAN,IL,60087,28243,3-Aug-12,First Midwest Bank,42.391602,-87.847328,8,2012,201208,88.9,77.5
First Commercial Bank,8500 NORMANDALE LAKE BOULEVARD SUITE 110,BLOOMINGTON,MN,55437,35246,7-Sep-12,Republic Bank & Trust Company,44.850056,-93.354607,9,2012,201209,215.9,206.8
Truman Bank,8151 CLAYTON ROAD,SAINT LOUIS,MO,63117,27316,14-Sep-12,Simmons First National Bank,38.63871,-90.3470154,9,2012,201209,282.3,245.7
First United Bank,700 WEST EXCHANGE STREET,CRETE,IL,60417,20685,28-Sep-12,"Old Plank Trail Community Bank, National Association",41.4439092,-87.640682,9,2012,201209,328.4,316.9
Excel Bank,818 THOMPSON BOULEVARD,SEDALIA,MO,65301,19189,19-Oct-12,Simmons First National Bank,38.7079494,-93.2650611,10,2012,201210,200.6,187.4
GulfSouth Private Bank,4405 COMMONS DRIVE EAST,DESTIN,FL,32541,58073,19-Oct-12,SmartBank,30.389372,-86.43222,10,2012,201210,159.1,151.1
First East Side Savings Bank,9399 West Commercial Boulevard,Tamarac,FL,33351,28144,19-Oct-12,Stearns Bank N.A.,26.194323,-80.275566,10,2012,201210,67.2,65.9
NOVA Bank,"1235 WESTLAKES DRIVE, SUITE 420",BERWYN,PA,19312,27148,26-Oct-12,No Acquirer,40.0624897,-75.4711235,10,2012,201210,483,432.2
Citizens First National Bank,606 SOUTH MAIN STREET,PRINCETON,IL,61356,3731,2-Nov-12,Heartland Bank and Trust Company,41.3692915,-89.4650964,11,2012,201211,924,869.4
Heritage Bank of Florida,23000 STATE ROAD 54,LUTZ,FL,33549,35009,2-Nov-12,Centennial Bank,28.1857822,-82.4356301,11,2012,201211,225.5,223.3
Hometown Community Bank,6700 HWY 53,BRASELTON,GA,30517,57928,16-Nov-12,"CertusBank, National Association",34.131001,-83.76593,11,2012,201211,124.6,108.9
Community Bank of the Ozarks,"13932 NORTH STATE, HIGHWAY 5",SUNRISE BEACH,MO,65079,27331,14-Dec-12,Bank of Sullivan,38.1505488,-92.77224,12,2012,201212,42.8,41.9
Westside Community Bank,4922 BRIDGEPORT WAY WEST,UNIVERSITY PLACE,WA,98467,33997,11-Jan-13,Sunwest Bank,47.212296,-122.536774,1,2013,201301,97.7,96.5
1st Regents Bank,1777 BUNKER LAKE BOULEVARD NORTHWEST,ANDOVER,MN,55304,57157,18-Jan-13,First Minnesota Bank,45.219849,-93.310715,1,2013,201301,50.2,49.1
Covenant Bank,1111 SOUTH HOMAN AVENUE,CHICAGO,IL,60624,22476,15-Feb-13,Liberty Bank and Trust Company,41.867741,-87.710098,2,2013,201302,58.4,54.2
Frontier Bank,401 VERNON STREET,LA GRANGE,GA,30240,16431,8-Mar-13,HeritageBank of the South,33.038387,-85.037193,3,2013,201303,258.8,224.1
Gold Canyon Bank,6641 SOUTH KINGS RANCH ROAD,GOLD CANYON,AZ,85118,58066,5-Apr-13,"First Scottsdale Bank, National Association",33.353722,-111.455063,4,2013,201304,45.2,44.2
Heritage Bank of North Florida,794 BLANDING BOULEVARD,ORANGE PARK,FL,32065,26680,19-Apr-13,FirstAtlantic Bank,30.1447105,-81.7636108,4,2013,201304,110.9,108.5
First Federal Bank,2452 SIR BARTON WAY,LEXINGTON,KY,40509,29594,19-Apr-13,Your Community Bank,38.030617,-84.419968,4,2013,201304,100.1,93.9
Chipola Community Bank,4701 HIGHWAY 90,MARIANNA,FL,32446,58034,19-Apr-13,First Federal Bank of Florida,30.766611,-85.20433,4,2013,201304,39.2,37.6
Douglas County Bank,6157 FAIRBURN ROAD,DOUGLASVILLE,GA,30134,21649,26-Apr-13,Hamilton State Bank,33.7508482,-84.7334263,4,2013,201304,316.5,314.3
Parkway Bank,509 WILKESBORO BLVD NE,LENOIR,NC,28645,57158,26-Apr-13,"CertusBank, National Association",35.917866,-81.515549,4,2013,201304,108.6,103.7
Sunrise Bank,301 WOODROW WILSON DRIVE,VALDOSTA,GA,31602,58185,10-May-13,Synovus Bank,30.8595751,-83.2855544,5,2013,201305,60.8,57.8
Pisgah Community Bank,890 HENDERSONVILLE ROAD SUITE 100,ASHEVILLE,NC,28803,58701,10-May-13,"Capital Bank, N.A.",35.541336,-82.531586,5,2013,201305,21.9,21.2
Central Arizona Bank,"7001 NORTH SCOTTSDALE ROAD, SUITE 1000",SCOTTSDALE,AZ,85253,34527,14-May-13,Western State Bank,33.539139,-111.920769,5,2013,201305,31.6,30.8
Banks of Wisconsin d/b/a Bank of Kenosha,5117 GREEN BAY ROAD,KENOSHA,WI,53144,35386,31-May-13,"North Shore Bank, FSB",42.589314,-87.880928,5,2013,201305,134,127.6
1st Commerce Bank,"5135 CAMINO AL NORTE, SUITE 250",NORTH LAS VEGAS,NV,89031,58358,6-Jun-13,Plaza Bank,36.253769,-115.153885,6,2013,201306,20.2,19.6
Mountain National Bank,300 E. MAIN STREET,SEVIERVILLE,TN,37862,34789,7-Jun-13,"First Tennessee Bank, National Association",35.86824,-83.560059,6,2013,201306,437.3,373.4
First Community Bank of Southwest Florida (also operating as Community Bank of Cape Coral),1565 RED CEDAR DRIVE,FORT MYERS,FL,33907,34943,2-Aug-13,C1 Bank,26.584461,-81.882362,8,2013,201308,265.7,254.2
Bank of Wausau,2010 STEWART AVENUE,WAUSAU,WI,54401,35016,9-Aug-13,Nicolet National Bank,44.959209,-89.66172,8,2013,201308,43.6,40.7
Community South Bank,51 WEST MAIN STREET,PARSONS,TN,38363,19849,23-Aug-13,"CB&S Bank, Inc.",35.64925,-88.127975,8,2013,201308,386.9,377.7
Sunrise Bank of Arizona,2777 EAST CAMELBACK ROAD,PHOENIX,AZ,85016,34707,23-Aug-13,"First Fidelity Bank, National Association",33.508644,-112.021973,8,2013,201308,202.2,196.9
First National Bank also operating as The National Bank of El Paso,100 WEST CANO,EDINBURG,TX,78539,14318,13-Sep-13,PlainsCapital Bank,26.3003489,-98.1627392,9,2013,201309,3100,2300
The Community's Bank,2574 EAST MAIN STREET,BRIDGEPORT,CT,6610,57041,13-Sep-13,No Acquirer,41.2098127,-73.1788346,9,2013,201309,26.3,25.7
Bank of Jackson County,5381 CLIFF STREET,GRACEVILLE,FL,32440,14794,30-Oct-13,First Federal Bank of Florida,30.959957,-85.514374,10,2013,201310,25.5,25
"Texas Community Bank, National Association",16610 INTERSTATE 45,THE WOODLANDS,TX,77384,57431,13-Dec-13,"Spirit of Texas Bank, SSB",30.2140713,-95.4578934,12,2013,201312,160.1,142.6
DuPage National Bank,101 MAIN,WEST CHICAGO,IL,60185,5732,17-Jan-14,Republic Bank of Chicago,41.9573975,-87.9414215,1,2014,201401,61.7,59.6
The Bank of Union,2000 SOUTH COUNTRY CLUB ROAD,EL RENO,OK,73036,17967,24-Jan-14,BancFirst,35.513981,-97.973404,1,2014,201401,331.4,328.8
Syringa Bank,1299 NORTH ORCHARD STREET,BOISE,ID,83706,34296,31-Jan-14,Sunwest Bank,43.6161022,-116.2435222,1,2014,201401,153.4,145.1
"Millennium Bank, National Association","21430 CEDAR DRIVE, UNIT 100",STERLING,VA,20164,35096,28-Feb-14,WashingtonFirst Bank,39.0220795,-77.3700027,2,2014,201402,130.3,121.7
Vantage Point Bank,100 GIBRALTER ROAD,HORSHAM,PA,19044,58531,28-Feb-14,First Choice Bank,40.1700483,-75.1296294,2,2014,201402,63.5,62.5
Allendale County Bank,200 SEVENTH STREET WEST,FAIRFAX,SC,29827,15062,25-Apr-14,Palmetto State Bank,32.9586983,-81.2348328,4,2014,201404,54.5,51
AztecAmerica Bank,2136 SOUTH OAK PARK AVENUE,BERWYN,IL,60402,57866,16-May-14,Republic Bank of Chicago,41.851093,-87.793701,5,2014,201405,66.3,65
Columbia Savings Bank,411 LUDLOW AVENUE,CINCINNATI,OH,45220,32284,23-May-14,"United Fidelity Bank, fsb",39.143654,-84.522858,5,2014,201405,36.5,29.5
Slavie Federal Savings Bank,1614 CHURCHVILLE ROAD,BEL AIR,MD,21015,32368,30-May-14,"Bay Bank, FSB",39.5480003,-76.312233,5,2014,201405,140.1,111.1
Valley Bank,3455 AVENUE OF THE CITIES,MOLINE,IL,61265,10450,20-Jun-14,Great Southern Bank,41.491989,-90.487167,6,2014,201406,456.4,360
Valley Bank,300 WEST BROWARD BOULEVARD,FORT LAUDERDALE,FL,33312,21793,20-Jun-14,"Landmark Bank, National Association",26.121666,-80.146965,6,2014,201406,81.8,66.5
The Freedom State Bank,1085 MAIN STREET,FREEDOM,OK,73842,12483,27-Jun-14,Alva State Bank & Trust Company,36.7687149,-99.1144654,6,2014,201406,22.8,20.9
Eastside Commercial Bank,895 Iris Drive,Conyers,GA,30094,58125,18-Jul-14,Community & Southern Bank,33.6574059,-84.0198822,7,2014,201407,169,161.6
"GreenChoice Bank, fsb",2545 West Diversey Avenue,Chicago,IL,60647,28462,25-Jul-14,"Providence Bank, LLC",41.931637,-87.692101,7,2014,201407,72.9,71
NBRS Financial,6 Pearl Street,Rising Sun,MD,21911,4862,17-Oct-14,Howard Bank,39.6982498,-76.0633392,10,2014,201410,188.2,183.1
The National Republic Bank of Chicago,1201 West Harrison Street,Chicago,IL,60607,916,24-Oct-14,State Bank of Texas,41.873989,-87.657028,10,2014,201410,954.4,915.3
"Frontier Bank, FSB D/B/A El Paseo Bank",74175 El Paseo Drive,Palm Desert,CA,92260,34738,7-Nov-14,"Bank of Southern California, N.A.",33.7202415,-116.3708649,11,2014,201411,86.4,82.1
Northern Star Bank,1650 Madison Avenue,Mankato,MN,56001,34983,19-Dec-14,BankVista,44.1669951,-93.962361,12,2014,201412,18.8,18.2